"","PID","E_so_1","E_so_2","E_so_3_R","E_so_4_R","E_as_1","E_as_2","E_as_3_R","E_as_4_R","E_en_1","E_en_2","E_en_3_R","E_en_4_R","A_co_1","A_co_2","A_co_3_R","A_co_4_R","A_re_1","A_re_2","A_re_3_R","A_re_4_R","A_tr_1","A_tr_2","A_tr_3_R","A_tr_4_R","C_or_1","C_or_2","C_or_3_R","C_or_4_R","C_pr_1","C_pr_2","C_pr_3_R","C_pr_4_R","C_re_1","C_re_2","C_re_3_R","C_re_4_R","N_an_1","N_an_2","N_an_3_R","N_an_4_R","N_de_1","N_de_2","N_de_3_R","N_de_4_R","N_vo_1","N_vo_2","N_vo_3_R","N_vo_4_R","O_in_1","O_in_2","O_in_3_R","O_in_4_R","O_ae_1","O_ae_2","O_ae_3_R","O_ae_4_R","O_cr_1","O_cr_2","O_cr_3_R","O_cr_4_R","E_Sociability","E_Assertiveness","E_Energy","A_Compassion","A_Respect","A_Trust","C_Organization","C_Productiveness","C_Responsibility","N_Anxiety","N_Depression","N_Volatility","O_Intellect","O_Aesthtics","O_Creativity","Extraversion_T","Agreeableness_T","Conscientiousness_T","Neuroticism_T","Openness_T"
"1","0",5,5,1,1,5,5,1,1,5,5,1,1,5,5,1,1,5,5,1,1,5,5,1,1,5,5,1,1,5,5,1,1,5,5,1,1,5,5,1,1,5,5,1,1,5,5,1,1,5,5,1,1,5,5,1,1,5,5,1,1,3,3,3,3,3,3,3,3,3,3,3,3,3,3,3,3,3,3,3,3
"2","7",4,4,4,2,2,3,2,4,4,5,4,2,4,4,2,4,4,4,4,4,3,2,3,3,5,5,5,5,4,4,4,2,4,4,4,4,4,5,5,5,4,4,2,3,4,4,4,3,5,5,4,3,4,4,4,5,5,5,4,4,3.5,2.75,3.75,3.5,4,2.75,5,3.5,4,4.75,3.25,3.75,4.25,4.25,4.5,3.33333333333333,3.41666666666667,4.16666666666667,3.91666666666667,4.33333333333333
"3","8",5,5,4,4,2,4,4,4,4,5,5,4,5,5,5,5,5,5,5,5,4,4,4,4,4,4,4,4,4,4,4,2,4,4,4,2,4,4,2,4,2,2,2,2,2,2,2,1,5,5,5,5,5,5,5,4,5,5,5,5,4.5,3.5,4.5,5,5,4,4,3.5,3.5,3.5,2,1.75,5,4.75,5,4.16666666666667,4.66666666666667,3.66666666666667,2.41666666666667,4.91666666666667
"4","9",2,2,1,1,2,2,3,3,2,3,2,2,4,4,5,4,5,5,4,4,4,4,4,2,4,4,2,5,3,4,2,2,4,4,4,5,4,5,3,5,4,3,4,3,2,4,3,2,4,4,3,4,5,5,4,4,4,4,4,4,1.5,2.5,2.25,4.25,4.5,3.5,3.75,2.75,4.25,4.25,3.5,2.75,3.75,4.5,4,2.08333333333333,4.08333333333333,3.58333333333333,3.5,4.08333333333333
"5","10",4,4,4,4,3,4,4,4,3,3,5,4,4,4,5,5,5,5,4,4,3,3,4,3,3,3,3,4,3,3,4,2,4,5,4,5,1,3,2,2,2,1,2,2,3,2,3,2,5,5,4,3,2,3,2,3,3,3,2,3,4,3.75,3.75,4.5,4.5,3.25,3.25,3,4.5,2,1.75,2.5,4.25,2.5,2.75,3.83333333333333,4.08333333333333,3.58333333333333,2.08333333333333,3.16666666666667
"6","11",5,5,5,4,4,2,2,1,4,4,4,2,4,2,4,4,5,5,2,2,5,2,2,2,2,2,1,4,5,2,2,1,4,4,1,2,1,4,1,4,2,1,3,2,5,2,2,2,4,3,4,2,4,2,2,1,5,4,4,3,4.75,2.25,3.5,3.5,3.5,2.75,2.25,2.5,2.75,2.5,2,2.75,3.25,2.25,4,3.5,3.25,2.5,2.41666666666667,3.16666666666667
"7","12",1,1,2,1,2,4,3,4,1,2,4,2,5,5,5,4,5,5,4,5,4,2,2,3,5,3,2,5,4,3,2,2,5,4,4,4,4,5,4,5,4,4,2,4,3,2,2,2,5,4,2,2,5,4,4,2,5,3,4,4,1.25,3.25,2.25,4.75,4.75,2.75,3.75,2.75,4.25,4.5,3.5,2.25,3.25,3.75,4,2.25,4.08333333333333,3.58333333333333,3.41666666666667,3.66666666666667
"8","13",2,4,2,2,3,3,4,3,2,4,4,4,3,4,3,2,4,4,2,2,2,2,3,2,4,4,4,4,4,3,2,2,4,4,2,2,4,3,2,2,3,2,2,2,4,4,3,2,2,3,2,2,1,2,5,2,3,3,2,3,2.5,3.25,3.5,3,3,2.25,4,2.75,3,2.75,2.25,3.25,2.25,2.5,2.75,3.08333333333333,2.75,3.25,2.75,2.5
"9","14",4,5,4,2,5,5,4,4,4,4,4,4,4,2,2,2,2,3,2,2,2,2,3,2,5,5,5,5,5,5,5,5,4,5,4,4,5,5,5,5,2,4,4,5,5,5,5,2,4,5,5,5,4,4,5,5,4,4,5,5,3.75,4.5,4,2.5,2.25,2.25,5,5,4.25,5,3.75,4.25,4.75,4.5,4.5,4.08333333333333,2.33333333333333,4.75,4.33333333333333,4.58333333333333
"10","15",3,2,2,2,3,4,4,4,1,2,3,3,4,4,4,3,5,5,5,3,5,5,5,3,5,4,3,3,5,4,4,4,5,5,4,4,5,4,4,4,3,3,2,2,3,3,3,2,5,4,2,4,5,4,5,4,4,4,4,5,2.25,3.75,2.25,3.75,4.5,4.5,3.75,4.25,4.5,4.25,2.5,2.75,3.75,4.5,4.25,2.75,4.25,4.16666666666667,3.16666666666667,4.16666666666667
"11","16",5,5,5,3,3,3,4,3,5,4,4,4,4,4,5,3,5,5,4,4,5,5,4,5,2,2,2,4,4,3,2,1,4,4,3,5,1,1,1,2,1,1,3,2,1,1,1,2,4,3,3,4,3,3,3,2,4,4,4,4,4.5,3.25,4.25,4,4.5,4.75,2.5,2.5,4,1.25,1.75,1.25,3.5,2.75,4,4,4.41666666666667,3,1.41666666666667,3.41666666666667
"12","17",5,5,4,2,5,5,4,4,5,5,4,3,5,4,5,5,5,5,5,4,3,3,2,3,5,5,5,5,5,5,3,3,5,4,2,2,4,4,3,4,2,1,1,1,1,2,1,1,5,5,5,5,5,5,5,4,5,5,5,5,4,4.5,4.25,4.75,4.75,2.75,5,4,3.25,3.75,1.25,1.25,5,4.75,5,4.25,4.08333333333333,4.08333333333333,2.08333333333333,4.91666666666667
"13","18",5,4,3,4,1,3,4,2,4,4,5,5,5,5,5,5,5,5,5,5,5,5,4,5,4,4,4,5,4,4,4,2,4,4,4,4,4,3,4,4,1,1,1,1,2,2,2,2,5,4,4,4,2,4,1,2,5,5,3,4,4,2.5,4.5,5,5,4.75,4.25,3.5,4,3.75,1,2,4.25,2.25,4.25,3.66666666666667,4.91666666666667,3.91666666666667,2.25,3.58333333333333
"14","19",3,2,2,1,1,2,1,1,2,2,4,2,5,4,5,4,5,5,5,5,5,4,3,4,2,2,2,3,3,5,2,1,5,4,1,4,4,2,1,2,1,1,2,2,3,2,1,1,5,5,5,5,5,5,5,5,3,5,5,4,2,1.25,2.5,4.5,5,4,2.25,2.75,3.5,2.25,1.5,1.75,5,5,4.25,1.91666666666667,4.5,2.83333333333333,1.83333333333333,4.75
"15","20",2,2,2,2,2,4,3,2,1,2,4,3,4,4,5,2,5,5,4,4,4,2,2,2,4,4,4,5,4,4,4,4,5,5,4,5,4,5,2,5,2,2,4,2,1,1,1,1,5,5,4,4,5,4,4,5,2,2,2,5,2,2.75,2.5,3.75,4.5,2.5,4.25,4,4.75,4,2.5,1,4.5,4.5,2.75,2.41666666666667,3.58333333333333,4.33333333333333,2.5,3.91666666666667
"16","21",4,2,2,1,4,4,4,2,2,4,4,1,5,4,4,2,5,5,5,2,5,3,2,2,4,2,4,4,4,4,2,4,4,4,1,4,5,4,2,5,4,3,4,1,4,2,2,2,5,5,4,5,5,4,5,4,4,4,4,4,2.25,3.5,2.75,3.75,4.25,3,3.5,3.5,3.25,4,3,2.5,4.75,4.5,4,2.83333333333333,3.66666666666667,3.41666666666667,3.16666666666667,4.41666666666667
"17","22",4,5,2,2,3,2,3,3,2,4,4,4,4,4,5,3,5,5,4,2,4,3,5,3,4,4,4,5,5,4,3,3,4,5,2,3,4,4,3,4,2,2,3,2,4,3,3,1,5,5,4,4,4,4,4,4,4,4,4,4,3.25,2.75,3.5,4,4,3.75,4.25,3.75,3.5,3.75,2.25,2.75,4.5,4,4,3.16666666666667,3.91666666666667,3.83333333333333,2.91666666666667,4.16666666666667
"18","23",4,5,4,2,3,3,4,4,4,4,5,4,5,4,4,4,4,4,3,3,2,3,2,3,4,4,4,4,4,4,4,3,4,4,4,3,5,3,3,3,2,1,3,3,3,4,4,4,5,4,5,5,4,5,4,4,3,4,4,4,3.75,3.5,4.25,4.25,3.5,2.5,4,3.75,3.75,3.5,2.25,3.75,4.75,4.25,3.75,3.83333333333333,3.41666666666667,3.83333333333333,3.16666666666667,4.25
"19","24",3,3,2,2,2,3,4,3,4,4,5,4,5,4,5,5,5,5,5,4,3,3,4,3,4,4,4,3,4,4,3,4,4,4,3,4,3,4,4,4,1,2,4,2,3,3,3,3,4,3,3,3,3,3,4,2,4,3,4,4,2.5,3,4.25,4.75,4.75,3.25,3.75,3.75,3.75,3.75,2.25,3,3.25,3,3.75,3.25,4.25,3.75,3,3.33333333333333
"20","25",4,3,2,2,1,1,4,2,4,4,4,4,5,5,1,5,5,5,4,4,4,5,4,5,3,2,2,2,4,5,4,2,3,3,3,4,2,4,4,4,1,1,2,1,4,4,3,4,5,4,4,4,5,5,5,4,3,3,4,3,2.75,2,4,4,4.5,4.5,2.25,3.75,3.25,3.5,1.25,3.75,4.25,4.75,3.25,2.91666666666667,4.33333333333333,3.08333333333333,2.83333333333333,4.08333333333333
"21","26",5,5,4,5,4,4,3,3,5,5,5,4,5,2,5,4,4,5,5,4,4,5,5,4,3,2,2,4,4,3,4,2,4,4,4,4,3,4,4,4,4,4,3,3,4,4,4,2,3,3,2,4,4,3,4,5,4,4,4,4,4.75,3.5,4.75,4,4.5,4.5,2.75,3.25,4,3.75,3.5,3.5,3,4,4,4.33333333333333,4.33333333333333,3.33333333333333,3.58333333333333,3.66666666666667
"22","27",5,5,4,4,4,4,3,2,4,5,5,5,5,5,5,5,5,5,5,4,5,4,5,2,5,5,5,5,5,5,5,2,5,5,4,4,4,5,4,5,2,1,2,2,2,4,4,2,5,5,4,5,5,5,4,4,5,5,5,5,4.5,3.25,4.75,5,4.75,4,5,4.25,4.5,4.5,1.75,3,4.75,4.5,5,4.16666666666667,4.58333333333333,4.58333333333333,3.08333333333333,4.75
"23","28",2,4,1,1,4,4,5,4,4,4,4,5,5,5,5,5,5,4,4,5,4,5,3,2,5,5,4,5,4,4,4,3,4,4,5,5,4,5,3,4,2,1,2,2,2,2,3,1,5,4,4,5,4,5,2,5,3,4,3,5,2,4.25,4.25,5,4.5,3.5,4.75,3.75,4.5,4,1.75,2,4.5,4,3.75,3.5,4.33333333333333,4.33333333333333,2.58333333333333,4.08333333333333
"24","29",4,4,4,1,4,4,3,4,4,3,4,4,4,3,4,2,5,5,5,2,5,5,4,4,4,5,4,5,2,4,2,2,4,2,2,2,5,5,4,2,5,4,4,2,4,4,4,2,4,2,4,5,4,4,4,4,5,4,4,4,3.25,3.75,3.75,3.25,4.25,4.5,4.5,2.5,2.5,4,3.75,3.5,3.75,4,4.25,3.58333333333333,4,3.16666666666667,3.75,4
"25","30",4,4,4,3,5,4,3,2,4,5,5,2,3,4,4,3,4,4,2,2,4,5,2,4,4,4,3,4,5,5,3,4,5,5,4,2,2,3,2,2,2,2,2,2,2,4,4,2,5,5,5,5,5,5,5,5,4,4,5,5,3.75,3.5,4,3.5,3,3.75,3.75,4.25,4,2.25,2,3,5,5,4.5,3.75,3.41666666666667,4,2.41666666666667,4.83333333333333
"26","31",5,4,5,5,5,5,3,4,5,5,5,5,5,5,3,5,5,5,4,4,5,5,5,5,5,3,3,4,5,5,4,5,5,3,4,5,4,1,2,1,1,1,1,1,1,1,1,1,5,3,4,3,1,1,1,1,5,4,2,2,4.75,4.25,5,4.5,4.5,5,3.75,4.75,4.25,2,1,1,3.75,1,3.25,4.66666666666667,4.66666666666667,4.25,1.33333333333333,2.66666666666667
"27","32",4,4,3,2,3,3,4,2,4,4,5,4,5,5,5,5,5,5,5,5,3,4,4,2,4,4,4,4,4,4,4,2,5,5,4,4,2,3,2,4,1,1,2,1,2,3,2,2,5,5,5,5,5,5,5,5,4,4,4,5,3.25,3,4.25,5,5,3.25,4,3.5,4.5,2.75,1.25,2.25,5,5,4.25,3.5,4.41666666666667,4,2.08333333333333,4.75
"28","33",4,2,2,1,3,2,3,3,3,4,3,3,4,4,2,3,4,5,4,4,4,4,4,3,5,4,4,5,4,3,3,4,4,3,4,4,3,3,2,3,2,1,2,3,2,1,2,2,5,4,4,3,4,4,3,4,4,3,4,5,2.25,2.75,3.25,3.25,4.25,3.75,4.5,3.5,3.75,2.75,2,1.75,4,3.75,4,2.75,3.75,3.91666666666667,2.16666666666667,3.91666666666667
"29","34",3,3,2,2,4,4,4,4,4,4,4,4,4,4,4,2,5,5,4,4,5,5,4,4,2,2,3,2,3,4,2,2,5,5,3,5,4,3,2,3,2,2,2,1,3,3,3,2,4,4,2,2,4,4,4,4,4,4,4,4,2.5,4,4,3.5,4.5,4.5,2.25,2.75,4.5,3,1.75,2.75,3,4,4,3.5,4.16666666666667,3.16666666666667,2.5,3.66666666666667
"30","35",5,5,4,2,4,4,4,2,4,4,4,4,5,5,5,4,5,5,5,2,5,5,4,5,4,2,2,5,2,2,2,2,4,4,2,2,5,5,4,5,2,2,4,4,4,4,4,4,4,4,4,2,2,4,4,2,4,4,4,4,4,3.5,4,4.75,4.25,4.75,3.25,2,3,4.75,3,4,3.5,3,4,3.83333333333333,4.58333333333333,2.75,3.91666666666667,3.5
"31","36",3,2,2,2,2,2,2,2,3,4,4,4,4,4,4,4,4,4,4,4,4,2,4,4,4,3,2,4,4,4,2,1,4,3,2,2,4,4,3,5,2,2,2,3,4,3,2,2,4,4,4,4,4,4,4,2,4,4,4,4,2.25,2,3.75,4,4,3.5,3.25,2.75,2.75,4,2.25,2.75,4,3.5,4,2.66666666666667,3.83333333333333,2.91666666666667,3,3.83333333333333
"32","37",4,3,3,2,4,4,3,4,4,4,5,4,2,2,3,2,5,5,2,3,2,2,2,1,4,3,2,3,4,4,2,2,2,2,2,2,4,2,2,2,2,3,4,2,3,2,2,2,5,5,4,4,4,4,4,5,4,5,5,4,3,3.75,4.25,2.25,3.75,1.75,3,3,2,2.5,2.75,2.25,4.5,4.25,4.5,3.66666666666667,2.58333333333333,2.66666666666667,2.5,4.41666666666667
"33","38",4,2,2,2,5,5,4,5,5,4,5,5,4,5,5,4,5,5,5,2,5,5,5,5,5,4,5,5,5,5,5,5,5,5,5,5,4,4,1,2,1,1,1,1,1,1,1,1,5,5,5,5,5,5,5,5,4,5,4,5,2.5,4.75,4.75,4.5,4.25,5,4.75,5,5,2.75,1,1,5,5,4.5,4,4.58333333333333,4.91666666666667,1.58333333333333,4.83333333333333
"34","39",3,2,2,2,1,1,3,2,3,3,4,3,4,4,5,5,4,5,5,4,4,4,4,4,4,4,4,5,4,3,3,4,4,4,4,2,4,5,4,4,4,4,4,3,4,4,4,4,5,4,4,5,5,5,5,5,3,2,2,5,2.25,1.75,3.25,4.5,4.5,4,4.25,3.5,3.5,4.25,3.75,4,4.5,5,3,2.41666666666667,4.33333333333333,3.75,4,4.16666666666667
"35","40",5,5,5,5,5,5,5,5,5,5,5,5,5,5,5,5,5,5,5,5,5,5,5,2,5,5,5,5,4,4,4,2,5,5,5,5,4,4,4,5,3,3,2,1,5,5,5,5,4,5,5,5,4,5,4,5,3,3,2,4,5,5,5,5,5,4.25,5,3.5,5,4.25,2.25,5,4.75,4.5,3,5,4.75,4.5,3.83333333333333,4.08333333333333
"36","41",5,4,4,4,2,3,4,3,4,4,4,4,4,4,5,5,4,4,4,3,5,4,3,4,4,4,4,4,4,3,4,4,3,3,2,2,3,5,3,4,2,2,2,4,4,5,4,3,4,3,4,4,2,2,2,3,3,3,3,4,4.25,3,4,4.5,3.75,4,4,3.75,2.5,3.75,2.5,4,3.75,2.25,3.25,3.75,4.08333333333333,3.41666666666667,3.41666666666667,3.08333333333333
"37","42",3,4,3,1,3,4,4,4,3,5,4,5,5,5,5,4,5,5,4,4,3,2,2,2,4,2,2,4,4,3,3,1,3,3,5,4,5,5,3,5,5,5,3,4,5,3,3,2,5,5,5,5,4,4,2,5,4,5,5,4,2.75,3.75,4.25,4.75,4.5,2.25,3,2.75,3.75,4.5,4.25,3.25,5,3.75,4.5,3.58333333333333,3.83333333333333,3.16666666666667,4,4.41666666666667
"38","43",4,4,3,2,1,2,2,4,2,4,4,2,5,5,5,5,5,5,2,2,2,3,4,2,5,5,4,5,3,2,4,1,5,5,4,3,5,5,4,3,2,3,3,4,2,4,4,2,5,5,4,3,3,5,4,3,2,2,2,2,3.25,2.25,3,5,3.5,2.75,4.75,2.5,4.25,4.25,3,3,4.25,3.75,2,2.83333333333333,3.75,3.83333333333333,3.41666666666667,3.33333333333333
"39","44",5,5,5,5,4,4,4,2,4,3,5,2,4,4,5,5,5,5,5,4,5,5,4,4,4,4,4,3,5,3,3,4,4,4,2,2,4,2,4,2,1,1,2,2,2,3,3,3,5,5,5,5,5,5,5,3,2,2,3,5,5,3.5,3.5,4.5,4.75,4.5,3.75,3.75,3,3,1.5,2.75,5,4.5,3,4,4.58333333333333,3.5,2.41666666666667,4.16666666666667
"40","45",5,5,3,4,4,5,5,4,4,4,4,5,5,3,3,4,4,4,2,2,1,2,2,2,5,4,4,4,5,4,5,4,3,4,4,4,2,2,2,2,2,2,2,2,2,3,2,4,5,5,5,4,4,3,2,2,4,4,4,3,4.25,4.5,4.25,3.75,3,1.75,4.25,4.5,3.75,2,2,2.75,4.75,2.75,3.75,4.33333333333333,2.83333333333333,4.16666666666667,2.25,3.75
"41","46",3,2,1,1,3,3,2,2,3,3,4,5,5,5,1,4,5,5,3,4,4,4,3,2,3,3,3,5,3,4,4,2,5,5,2,4,4,4,2,3,2,1,2,1,3,2,2,2,5,5,5,5,5,5,4,5,3,3,4,5,1.75,2.5,3.75,3.75,4.25,3.25,3.5,3.25,4,3.25,1.5,2.25,5,4.75,3.75,2.66666666666667,3.75,3.58333333333333,2.33333333333333,4.5
"42","47",4,4,3,2,3,4,4,3,4,4,5,5,4,5,5,5,5,5,5,5,5,5,5,4,4,4,4,5,5,5,5,5,5,5,4,5,1,1,1,1,1,1,1,1,1,1,1,1,5,2,3,3,4,5,1,2,4,4,4,5,3.25,3.5,4.5,4.75,5,4.75,4.25,5,4.75,1,1,1,3.25,3,4.25,3.75,4.83333333333333,4.66666666666667,1,3.5
"43","48",5,4,4,3,5,4,4,4,4,4,5,5,4,5,5,5,4,4,4,3,4,5,2,2,5,5,5,5,4,4,4,4,5,5,4,3,5,5,4,5,2,1,2,2,4,5,4,2,5,5,5,5,3,2,2,4,4,4,4,4,4,4.25,4.5,4.75,3.75,3.25,5,4,4.25,4.75,1.75,3.75,5,2.75,4,4.25,3.91666666666667,4.41666666666667,3.41666666666667,3.91666666666667
"44","49",2,2,2,2,1,3,2,2,3,4,5,2,5,5,5,5,5,5,3,4,1,3,3,1,3,2,2,5,3,3,4,2,5,5,5,5,3,5,1,4,2,4,2,3,4,4,3,2,4,3,3,4,5,5,5,5,3,4,4,4,2,2,3.5,5,4.25,2,3,3,5,3.25,2.75,3.25,3.5,5,3.75,2.5,3.75,3.66666666666667,3.08333333333333,4.08333333333333
"45","50",3,3,4,4,4,4,5,4,2,2,3,2,4,5,1,4,3,4,3,3,3,4,4,5,4,2,4,5,4,5,5,4,5,5,4,2,3,4,2,4,2,2,3,1,2,1,1,2,5,4,5,3,3,4,4,5,2,2,2,3,3.5,4.25,2.25,3.5,3.25,4,3.75,4.5,4,3.25,2,1.5,4.25,4,2.25,3.33333333333333,3.58333333333333,4.08333333333333,2.25,3.5
"46","51",5,5,5,4,2,4,4,5,5,5,5,4,4,4,2,4,4,4,4,4,3,4,4,2,4,4,4,4,5,5,4,5,5,5,4,4,4,4,4,4,2,1,2,2,4,3,4,2,4,5,4,5,4,4,2,3,4,2,2,5,4.75,3.75,4.75,3.5,4,3.25,4,4.75,4.5,4,1.75,3.25,4.5,3.25,3.25,4.41666666666667,3.58333333333333,4.41666666666667,3,3.66666666666667
"47","52",4,4,4,2,4,5,3,4,2,3,2,3,2,3,3,4,4,4,4,2,4,3,2,2,3,2,2,4,4,5,3,2,3,3,2,2,4,5,4,4,3,2,3,5,2,4,3,3,4,5,4,4,1,2,2,1,4,4,3,4,3.5,4,2.5,3,3.5,2.75,2.75,3.5,2.5,4.25,3.25,3,4.25,1.5,3.75,3.33333333333333,3.08333333333333,2.91666666666667,3.5,3.16666666666667
"48","53",3,2,1,1,2,3,4,4,2,4,2,3,5,5,5,4,5,5,5,5,5,4,4,3,5,5,5,5,5,4,4,4,5,5,5,5,4,5,2,5,4,4,3,5,1,1,1,2,5,5,5,5,5,5,5,5,4,4,4,4,1.75,3.25,2.75,4.75,5,4,5,4.25,5,4,4,1.25,5,5,4,2.58333333333333,4.58333333333333,4.75,3.08333333333333,4.66666666666667
"49","54",2,2,2,2,2,3,2,2,2,3,4,2,5,4,4,5,5,5,5,5,4,4,4,4,5,5,5,5,4,5,5,5,5,5,5,5,4,5,4,5,2,2,2,2,4,2,2,1,5,4,4,4,4,4,4,2,2,2,2,4,2,2.25,2.75,4.5,5,4,5,4.75,5,4.5,2,2.25,4.25,3.5,2.5,2.33333333333333,4.5,4.91666666666667,2.91666666666667,3.41666666666667
"50","55",4,4,4,3,2,4,5,4,3,4,5,5,5,5,5,5,5,5,2,2,5,5,4,5,2,3,3,5,3,3,2,4,4,5,2,3,2,1,1,1,4,3,2,4,2,1,2,1,5,5,5,5,5,5,4,3,3,3,4,5,3.75,3.75,4.25,5,3.5,4.75,3.25,3,3.5,1.25,3.25,1.5,5,4.25,3.75,3.91666666666667,4.41666666666667,3.25,2,4.33333333333333
"51","56",5,5,4,4,3,3,3,4,5,4,5,5,5,5,4,5,4,4,4,3,4,3,2,2,4,3,4,4,5,5,4,4,2,4,4,2,3,4,4,5,3,2,2,1,4,4,2,1,4,4,4,5,5,5,2,5,4,4,4,5,4.5,3.25,4.75,4.75,3.75,2.75,3.75,4.5,3,4,2,2.75,4.25,4.25,4.25,4.16666666666667,3.75,3.75,2.91666666666667,4.25
"52","57",2,4,2,4,5,5,3,5,5,5,5,5,4,5,5,4,5,4,2,2,2,3,2,2,5,5,5,5,4,5,5,2,5,5,4,4,5,5,5,5,4,4,2,4,5,5,4,4,5,5,5,1,5,5,4,5,3,4,4,4,3,4.5,5,4.5,3.25,2.25,5,4,4.5,5,3.5,4.5,4,4.75,3.75,4.16666666666667,3.33333333333333,4.5,4.33333333333333,4.16666666666667
"53","58",2,4,1,1,3,4,4,5,2,4,5,2,2,5,5,2,5,5,4,5,2,4,4,2,2,2,4,5,4,2,4,4,5,5,2,5,5,2,2,4,1,1,1,1,1,1,1,1,4,5,5,5,5,5,5,5,5,4,4,4,2,4,3.25,3.5,4.75,3,3.25,3.5,4.25,3.25,1,1,4.75,5,4.25,3.08333333333333,3.75,3.66666666666667,1.75,4.66666666666667
"54","59",4,4,3,3,2,2,4,3,1,3,4,2,5,4,1,4,5,5,5,4,4,4,4,4,4,4,5,4,4,4,3,5,5,5,5,5,4,5,5,5,3,2,2,1,2,2,3,2,4,4,5,5,5,5,4,4,3,4,5,5,3.5,2.75,2.5,3.5,4.75,4,4.25,4,5,4.75,2,2.25,4.5,4.5,4.25,2.91666666666667,4.08333333333333,4.41666666666667,3,4.41666666666667
"55","60",3,3,2,2,3,2,2,4,3,3,4,3,3,3,5,2,4,4,3,3,2,4,2,2,3,1,3,1,3,4,2,4,4,4,2,4,2,3,2,2,2,3,2,4,3,1,2,3,5,5,4,4,5,5,5,3,4,2,4,4,2.5,2.75,3.25,3.25,3.5,2.5,2,3.25,3.5,2.25,2.75,2.25,4.5,4.5,3.5,2.83333333333333,3.08333333333333,2.91666666666667,2.41666666666667,4.16666666666667
"56","61",1,2,1,1,1,1,4,3,1,1,4,2,4,3,5,5,5,5,5,5,4,3,5,2,3,1,2,5,2,2,2,1,4,4,2,3,5,5,4,5,4,4,4,4,4,4,4,4,5,4,5,5,5,5,5,5,3,3,4,5,1.25,2.25,2,4.25,5,3.5,2.75,1.75,3.25,4.75,4,4,4.75,5,3.75,1.83333333333333,4.25,2.58333333333333,4.25,4.5
"57","62",3,3,2,2,3,3,4,4,3,4,4,4,4,4,4,4,4,4,5,4,4,4,3,3,2,2,3,4,3,4,3,2,3,3,3,2,3,4,3,3,3,2,2,2,3,3,2,2,4,3,3,4,4,4,4,4,3,3,4,4,2.5,3.5,3.75,4,4.25,3.5,2.75,3,2.75,3.25,2.25,2.5,3.5,4,3.5,3.25,3.91666666666667,2.83333333333333,2.66666666666667,3.66666666666667
"58","63",3,3,2,2,2,1,3,2,3,2,3,2,4,4,5,4,5,5,5,4,4,4,4,3,3,2,2,4,3,5,3,2,4,3,3,4,4,4,3,3,3,3,2,2,2,1,2,2,4,3,4,3,3,4,4,3,3,3,2,4,2.5,2,2.5,4.25,4.75,3.75,2.75,3.25,3.5,3.5,2.5,1.75,3.5,3.5,3,2.33333333333333,4.25,3.16666666666667,2.58333333333333,3.33333333333333
"59","64",4,4,4,3,2,2,3,3,4,4,4,4,4,4,2,3,5,4,4,4,5,3,4,4,3,4,3,5,2,1,2,2,4,3,2,2,4,4,3,4,4,3,1,2,2,2,2,2,5,5,5,5,5,5,5,4,4,4,4,4,3.75,2.5,4,3.25,4.25,4,3.75,1.75,2.75,3.75,2.5,2,5,4.75,4,3.41666666666667,3.83333333333333,2.75,2.75,4.58333333333333
"60","65",2,2,2,1,1,1,5,2,3,4,4,1,5,4,1,4,5,5,5,5,4,2,3,2,3,3,3,4,3,4,3,2,4,4,1,1,4,5,3,4,4,3,4,2,3,4,3,3,4,2,3,2,5,5,5,4,4,4,5,3,1.75,2.25,3,3.5,5,2.75,3.25,3,2.5,4,3.25,3.25,2.75,4.75,4,2.33333333333333,3.75,2.91666666666667,3.5,3.83333333333333
"61","66",4,3,2,1,2,3,3,3,4,4,5,5,5,4,5,4,5,5,5,2,5,5,5,4,4,2,4,4,3,5,4,1,2,2,2,2,3,2,2,4,3,1,1,4,2,1,1,2,5,5,5,5,5,5,5,5,4,4,5,5,2.5,2.75,4.5,4.5,4.25,4.75,3.5,3.25,2,2.75,2.25,1.5,5,5,4.5,3.25,4.5,2.91666666666667,2.16666666666667,4.83333333333333
"62","67",5,5,3,2,5,4,3,3,4,4,4,3,5,5,5,5,5,5,3,2,5,5,2,2,5,4,4,4,5,5,4,3,5,5,2,2,5,5,3,4,5,4,2,1,4,3,1,1,5,5,5,5,5,5,5,5,5,5,5,5,3.75,3.75,3.75,5,3.75,3.5,4.25,4.25,3.5,4.25,3,2.25,5,5,5,3.75,4.08333333333333,4,3.16666666666667,5
"63","68",1,4,2,1,1,1,1,2,4,4,4,1,4,4,3,3,5,4,4,2,4,5,4,4,5,5,5,2,4,4,2,2,5,5,5,2,5,5,5,5,2,2,3,4,4,4,4,4,2,2,1,2,3,3,2,2,1,1,2,2,2,1.25,3.25,3.5,3.75,4.25,4.25,3,4.25,5,2.75,4,1.75,2.5,1.5,2.16666666666667,3.83333333333333,3.83333333333333,3.91666666666667,1.91666666666667
"64","69",4,2,2,2,4,4,5,4,2,2,2,5,4,4,4,3,4,4,5,2,5,5,4,3,4,3,5,5,4,3,4,2,4,4,2,2,5,5,4,5,5,5,2,4,4,4,4,2,2,4,5,2,3,4,2,4,5,4,3,4,2.5,4.25,2.75,3.75,3.75,4.25,4.25,3.25,3,4.75,4,3.5,3.25,3.25,4,3.16666666666667,3.91666666666667,3.5,4.08333333333333,3.5
"65","70",4,4,2,2,4,4,2,3,4,4,5,4,5,5,4,4,5,5,2,2,2,5,2,2,5,5,5,5,5,3,4,2,5,5,2,2,4,4,1,2,4,4,1,2,5,5,1,1,5,5,4,4,5,5,5,5,5,5,5,5,3,3.25,4.25,4.5,3.5,2.75,5,3.5,3.5,2.75,2.75,3,4.5,5,5,3.5,3.58333333333333,4,2.83333333333333,4.83333333333333
"66","71",3,4,3,2,3,3,3,4,2,3,4,3,4,3,3,4,5,4,4,3,2,3,2,2,5,5,5,4,4,5,3,2,4,4,4,4,3,4,4,4,4,5,3,4,4,4,4,3,4,4,4,3,5,4,4,3,3,3,4,4,3,3.25,3,3.5,4,2.25,4.75,3.5,4,3.75,4,3.75,3.75,4,3.5,3.08333333333333,3.25,4.08333333333333,3.83333333333333,3.75
"67","72",4,3,4,2,5,5,4,4,4,4,4,5,5,5,4,4,4,4,4,4,4,3,4,2,2,2,2,2,4,5,4,4,4,4,4,4,5,5,2,4,2,2,3,2,2,4,4,3,4,5,4,4,3,4,2,3,5,5,4,4,3.25,4.5,4.25,4.5,4,3.25,2,4.25,4,4,2.25,3.25,4.25,3,4.5,4,3.91666666666667,3.41666666666667,3.16666666666667,3.91666666666667
"68","73",1,1,1,1,1,1,3,2,3,4,5,4,4,3,5,5,5,5,5,4,3,2,3,3,5,5,5,4,5,4,5,2,5,5,5,5,4,5,3,5,2,2,3,1,2,3,3,2,5,3,4,3,5,5,4,2,3,4,4,4,1,1.75,4,4.25,4.75,2.75,4.75,4,5,4.25,2,2.5,3.75,4,3.75,2.25,3.91666666666667,4.58333333333333,2.91666666666667,3.83333333333333
"69","74",5,5,2,4,2,4,4,5,5,5,5,4,5,4,5,5,5,5,5,4,2,4,4,1,5,5,5,5,5,5,4,4,4,4,5,5,1,2,2,4,2,1,2,1,2,2,4,4,5,5,5,5,5,5,2,5,5,5,5,5,4,3.75,4.75,4.75,4.75,2.75,5,4.5,4.5,2.25,1.5,3,5,4.25,5,4.16666666666667,4.08333333333333,4.66666666666667,2.25,4.75
"70","75",5,5,4,2,3,3,3,3,3,3,2,4,4,4,5,5,5,5,3,4,4,5,4,4,2,4,4,5,4,4,3,4,4,5,4,4,2,3,2,4,2,2,2,2,1,1,1,1,5,5,5,5,4,4,4,4,4,4,4,2,4,3,3,4.5,4.25,4.25,3.75,3.75,4.25,2.75,2,1,5,4,3.5,3.33333333333333,4.33333333333333,3.91666666666667,1.91666666666667,4.16666666666667
"71","76",4,3,3,2,3,3,4,4,4,3,4,4,5,1,5,5,5,5,4,4,4,4,4,4,3,3,3,5,4,4,4,4,4,4,2,2,4,4,2,5,3,3,2,2,4,4,2,2,4,4,4,4,4,4,4,2,4,4,4,4,3,3.5,3.75,4,4.5,4,3.5,4,3,3.75,2.5,3,4,3.5,4,3.41666666666667,4.16666666666667,3.5,3.08333333333333,3.83333333333333
"72","77",4,3,2,2,3,2,3,3,5,5,4,4,5,5,5,5,4,5,5,4,5,4,4,2,4,4,3,4,4,5,4,2,4,5,4,3,4,5,3,4,3,2,2,3,3,3,3,2,5,5,4,4,5,5,4,3,4,5,4,4,2.75,2.75,4.5,5,4.5,3.75,3.75,3.75,4,4,2.5,2.75,4.5,4.25,4.25,3.33333333333333,4.41666666666667,3.83333333333333,3.08333333333333,4.33333333333333
"73","78",5,5,4,2,5,2,2,2,5,5,5,5,4,4,5,5,5,5,5,5,5,5,4,4,5,4,5,5,4,4,4,2,4,5,2,2,4,4,2,1,1,1,1,1,4,4,2,1,5,5,5,5,2,4,2,2,5,4,4,5,4,2.75,5,4.5,5,4.5,4.75,3.5,3.25,2.75,1,2.75,5,2.5,4.5,3.91666666666667,4.66666666666667,3.83333333333333,2.16666666666667,4
"74","79",3,4,1,2,4,4,4,3,3,4,4,4,5,5,1,4,5,5,4,4,5,5,2,2,5,4,4,4,4,4,4,2,5,5,4,4,4,4,4,4,4,4,3,2,2,2,2,2,4,4,4,4,5,5,4,4,4,4,4,4,2.5,3.75,3.75,3.75,4.5,3.5,4.25,3.5,4.5,4,3.25,2,4,4.5,4,3.33333333333333,3.91666666666667,4.08333333333333,3.08333333333333,4.16666666666667
"75","80",2,2,2,2,1,1,3,2,3,2,2,2,4,1,5,3,5,5,4,4,3,3,3,2,5,5,5,5,4,4,5,3,5,4,4,5,4,4,4,4,4,3,3,2,3,3,3,2,4,4,3,4,4,5,4,2,4,4,5,5,2,1.75,2.25,3.25,4.5,2.75,5,4,4.5,4,3,2.75,3.75,3.75,4.5,2,3.5,4.5,3.25,4
"76","81",4,4,4,4,3,3,2,3,4,4,4,5,5,4,5,5,5,5,5,5,4,3,4,4,3,3,4,4,3,2,2,1,3,4,1,2,2,1,3,3,2,2,3,1,2,2,2,2,3,3,5,4,3,3,4,4,4,4,4,4,4,2.75,4.25,4.75,5,3.75,3.5,2,2.5,2.25,2,2,3.75,3.5,4,3.66666666666667,4.5,2.66666666666667,2.08333333333333,3.75
"77","82",2,2,2,2,2,2,3,2,3,4,4,3,5,5,5,4,5,5,5,5,5,5,4,4,4,3,3,4,4,4,4,4,4,4,4,3,4,4,4,4,3,3,3,2,5,5,4,3,5,5,5,3,4,4,4,3,3,3,3,4,2,2.25,3.5,4.75,5,4.5,3.5,4,3.75,4,2.75,4.25,4.5,3.75,3.25,2.58333333333333,4.75,3.75,3.66666666666667,3.83333333333333
"78","83",5,5,5,3,5,5,5,3,5,5,1,5,5,5,2,2,4,5,2,2,3,3,4,1,5,5,5,5,4,3,3,3,5,5,4,2,5,5,4,1,3,5,3,5,4,4,1,2,5,5,5,3,1,1,5,5,5,5,5,1,4.5,4.5,4,3.5,3.25,2.75,5,3.25,4,3.75,4,2.75,4.5,3,4,4.33333333333333,3.16666666666667,4.08333333333333,3.5,3.83333333333333
"79","84",2,1,1,1,2,1,4,1,2,4,2,1,4,4,4,4,4,5,4,2,4,2,3,2,5,5,5,5,4,2,2,1,4,4,4,2,4,4,4,4,4,3,4,4,5,4,5,4,4,3,2,2,4,5,5,1,3,2,2,1,1.25,2,2.25,4,3.75,2.75,5,2.25,3.5,4,3.75,4.5,2.75,3.75,2,1.83333333333333,3.5,3.58333333333333,4.08333333333333,2.83333333333333
"80","85",3,2,2,2,3,3,3,4,2,3,5,3,4,4,5,4,4,4,4,4,5,4,2,2,5,3,3,2,4,4,3,4,3,4,2,3,4,4,2,4,3,2,2,1,2,3,2,2,4,4,2,3,4,4,4,2,4,4,5,5,2.25,3.25,3.25,4.25,4,3.25,3.25,3.75,3,3.5,2,2.25,3.25,3.5,4.5,2.91666666666667,3.83333333333333,3.33333333333333,2.58333333333333,3.75
"81","86",5,4,4,2,1,4,2,2,4,5,4,2,5,4,1,5,4,4,5,5,4,3,4,2,5,3,4,4,4,5,5,2,5,4,4,4,4,5,4,5,2,2,2,4,1,1,2,3,2,4,4,4,3,4,2,2,2,4,4,5,3.75,2.25,3.75,3.75,4.5,3.25,4,4,4.25,4.5,2.5,1.75,3.5,2.75,3.75,3.25,3.83333333333333,4.08333333333333,2.91666666666667,3.33333333333333
"82","87",2,2,2,2,2,2,2,2,3,4,2,2,2,3,4,4,5,5,5,3,2,2,2,2,4,2,2,4,1,2,2,1,4,4,2,2,4,5,5,4,4,4,2,4,4,5,4,4,4,5,2,2,5,5,5,2,5,4,4,4,2,2,2.75,3.25,4.5,2,3,1.5,3,4.5,3.5,4.25,3.25,4.25,4.25,2.25,3.25,2.5,4.08333333333333,3.91666666666667
"83","88",4,4,4,2,4,4,2,4,4,4,5,4,5,5,5,5,4,4,4,3,4,5,4,3,2,2,2,2,4,2,2,2,5,5,4,5,4,5,3,4,2,1,3,4,3,2,2,2,4,4,4,4,5,5,5,5,4,3,4,4,3.5,3.5,4.25,5,3.75,4,2,2.5,4.75,4,2.5,2.25,4,5,3.75,3.75,4.25,3.08333333333333,2.91666666666667,4.25
"84","89",2,4,2,2,3,4,4,4,3,3,5,5,5,4,4,3,5,5,4,4,4,4,4,2,5,5,5,4,4,5,5,4,5,5,4,4,3,3,2,2,2,1,2,1,1,1,1,2,5,4,4,3,3,3,4,2,4,4,4,4,2.5,3.75,4,4,4.5,3.5,4.75,4.5,4.5,2.5,1.5,1.25,4,3,4,3.41666666666667,4,4.58333333333333,1.75,3.66666666666667
"85","90",4,4,2,2,2,3,3,2,3,3,5,1,4,5,5,5,5,5,5,5,3,4,4,4,3,2,1,3,3,4,3,2,4,4,4,3,4,4,3,4,3,2,2,3,2,2,3,3,4,4,3,4,5,5,4,3,4,4,5,5,3,2.5,3,4.75,5,3.75,2.25,3,3.75,3.75,2.5,2.5,3.75,4.25,4.5,2.83333333333333,4.5,3,2.91666666666667,4.16666666666667
"86","91",4,4,4,2,4,4,3,4,4,4,5,2,5,4,5,5,5,5,5,5,4,3,3,4,4,5,5,5,4,4,4,2,4,5,5,5,5,5,4,5,3,2,4,4,2,4,4,2,4,3,3,2,3,4,3,4,3,3,3,3,3.5,3.75,3.75,4.75,5,3.5,4.75,3.5,4.75,4.75,3.25,3,3,3.5,3,3.66666666666667,4.41666666666667,4.33333333333333,3.66666666666667,3.16666666666667
"87","92",4,5,4,2,4,4,3,4,4,5,5,3,5,3,4,3,4,5,2,2,2,5,3,2,5,2,3,5,4,3,2,1,4,4,3,4,2,2,4,5,4,2,2,3,4,4,4,3,5,4,5,3,4,3,2,5,5,4,5,5,3.75,3.75,4.25,3.75,3.25,3,3.75,2.5,3.75,3.25,2.75,3.75,4.25,3.5,4.75,3.91666666666667,3.33333333333333,3.33333333333333,3.25,4.16666666666667
"88","93",4,3,2,2,2,1,3,2,3,3,3,5,2,2,3,3,5,5,5,5,5,3,3,2,4,2,2,3,4,4,2,1,4,4,4,5,5,5,5,5,3,3,4,4,4,4,4,3,2,3,3,2,2,3,2,3,3,2,3,2,2.75,2,3.5,2.5,5,3.25,2.75,2.75,4.25,5,3.5,3.75,2.5,2.5,2.5,2.75,3.58333333333333,3.25,4.08333333333333,2.5
"89","94",3,2,2,2,3,3,3,3,2,3,4,3,4,4,4,4,5,4,5,4,4,5,3,3,4,3,3,4,4,3,2,3,4,4,3,4,3,3,3,3,2,2,2,2,3,4,3,2,3,2,2,2,4,4,4,3,2,3,3,3,2.25,3,3,4,4.5,3.75,3.5,3,3.75,3,2,3,2.25,3.75,2.75,2.75,4.08333333333333,3.41666666666667,2.66666666666667,2.91666666666667
"90","95",2,2,2,2,1,1,2,5,5,5,5,3,5,5,5,5,5,5,5,5,4,4,4,4,3,1,2,3,4,3,4,2,5,5,5,5,4,4,3,5,2,1,2,5,1,3,3,2,5,5,5,5,5,5,5,5,4,4,5,5,2,2.25,4.5,5,5,4,2.25,3.25,5,4,2.5,2.25,5,5,4.5,2.91666666666667,4.66666666666667,3.5,2.91666666666667,4.83333333333333
"91","96",3,2,2,2,1,2,3,2,3,3,3,4,4,4,2,4,5,5,4,3,4,4,4,3,2,2,2,4,4,3,4,3,4,3,4,4,4,4,5,4,3,3,4,4,3,2,3,3,4,4,5,4,5,4,4,5,4,3,4,4,2.25,2,3.25,3.5,4.25,3.75,2.5,3.5,3.75,4.25,3.5,2.75,4.25,4.5,3.75,2.5,3.83333333333333,3.25,3.5,4.16666666666667
"92","97",4,4,2,1,3,4,4,2,1,2,4,1,4,2,5,4,5,5,2,2,1,5,2,4,4,3,3,2,2,1,2,1,4,4,4,5,4,5,5,4,4,3,1,2,5,5,5,2,5,3,4,3,1,2,2,2,5,4,5,5,2.75,3.25,2,3.75,3.5,3,3,1.5,4.25,4.5,2.5,4.25,3.75,1.75,4.75,2.66666666666667,3.41666666666667,2.91666666666667,3.75,3.41666666666667
"93","98",3,2,2,1,4,3,4,4,3,3,3,2,5,5,1,2,5,5,4,2,5,5,3,2,3,3,3,3,3,2,4,2,4,5,3,3,4,4,3,4,3,2,3,3,2,2,2,2,5,5,4,4,5,5,5,5,4,4,4,4,2,3.75,2.75,3.25,4,3.75,3,2.75,3.75,3.75,2.75,2,4.5,5,4,2.83333333333333,3.66666666666667,3.16666666666667,2.83333333333333,4.5
"94","99",2,2,2,1,1,1,1,3,2,2,3,5,5,5,5,5,5,5,5,5,5,3,4,2,2,3,3,4,4,5,4,2,5,5,5,5,5,4,2,5,3,4,4,4,3,1,2,2,4,4,4,5,5,3,4,1,2,3,4,4,1.75,1.5,3,5,5,3.5,3,3.75,5,4,3.75,2,4.25,3.25,3.25,2.08333333333333,4.5,3.91666666666667,3.25,3.58333333333333
"95","100",4,4,3,2,4,4,4,4,3,4,4,2,4,4,5,5,5,5,4,3,4,3,3,4,5,4,4,5,5,5,2,2,5,4,4,5,5,5,4,5,2,2,2,3,4,2,4,4,5,5,5,4,4,3,4,3,2,2,2,2,3.25,4,3.25,4.5,4.25,3.5,4.5,3.5,4.5,4.75,2.25,3.5,4.75,3.5,2,3.5,4.08333333333333,4.16666666666667,3.5,3.41666666666667
"96","101",4,4,3,2,3,3,4,2,3,3,5,4,4,4,2,4,4,4,4,5,4,3,4,3,4,5,4,4,4,2,3,2,4,4,4,3,3,4,4,5,3,2,3,2,2,2,2,2,4,4,3,4,1,4,4,1,3,3,4,4,3.25,3,3.75,3.5,4.25,3.5,4.25,2.75,3.75,4,2.5,2,3.75,2.5,3.5,3.33333333333333,3.75,3.58333333333333,2.83333333333333,3.25
"97","102",4,4,4,2,2,4,4,5,2,2,4,4,3,4,2,4,4,4,4,2,4,2,2,1,4,4,4,3,4,5,4,2,5,5,2,2,3,2,2,4,2,2,4,4,2,1,2,2,4,5,5,5,3,4,2,2,4,4,3,5,3.5,3.75,3,3.25,3.5,2.25,3.75,3.75,3.5,2.75,3,1.75,4.75,2.75,4,3.41666666666667,3,3.66666666666667,2.5,3.83333333333333
"98","103",3,2,2,3,2,4,3,3,5,4,5,3,5,5,5,5,4,5,5,5,4,5,3,4,5,5,4,5,5,5,2,3,5,5,4,4,3,4,3,4,3,2,2,2,2,4,3,2,5,4,4,4,5,5,4,4,3,3,2,4,2.5,3,4.25,5,4.75,4,4.75,3.75,4.5,3.5,2.25,2.75,4.25,4.5,3,3.25,4.58333333333333,4.33333333333333,2.83333333333333,3.91666666666667
"99","104",2,2,1,2,2,1,2,3,2,2,4,2,5,5,4,5,5,5,5,5,5,4,4,4,2,4,2,3,2,1,2,1,4,4,4,2,4,4,4,4,3,4,2,4,4,4,2,2,5,5,4,5,4,4,2,2,4,2,2,5,1.75,2,2.5,4.75,5,4.25,2.75,1.5,3.5,4,3.25,3,4.75,3,3.25,2.08333333333333,4.66666666666667,2.58333333333333,3.41666666666667,3.66666666666667
"100","105",5,4,3,2,3,4,4,4,2,5,4,4,4,4,5,4,5,5,4,4,4,4,4,4,2,2,2,4,4,4,2,2,3,2,4,2,5,5,3,4,4,4,1,2,4,2,3,2,5,5,5,5,5,5,5,4,4,4,4,5,3.5,3.75,3.75,4.25,4.5,4,2.5,3,2.75,4.25,2.75,2.75,5,4.75,4.25,3.66666666666667,4.25,2.75,3.25,4.66666666666667
"101","106",3,3,1,1,3,4,4,2,3,4,4,2,5,5,4,4,4,5,5,3,2,2,3,1,4,4,4,4,4,5,3,2,5,4,4,5,2,5,4,5,3,4,4,2,3,4,4,2,5,5,5,5,5,5,5,3,4,5,4,5,2,3.25,3.25,4.5,4.25,2,4,3.5,4.5,4,3.25,3.25,5,4.5,4.5,2.83333333333333,3.58333333333333,4,3.5,4.66666666666667
"102","107",5,5,4,3,4,4,4,3,2,2,4,1,4,4,5,5,3,3,4,4,5,5,5,4,2,2,1,5,2,2,2,1,2,3,2,2,4,5,4,4,5,5,5,5,5,5,5,5,5,5,5,5,2,3,3,3,4,4,4,4,4.25,3.75,2.25,4.5,3.5,4.75,2.5,1.75,2.25,4.25,5,5,5,2.75,4,3.41666666666667,4.25,2.16666666666667,4.75,3.91666666666667
"103","108",5,5,5,4,2,4,4,5,5,5,5,4,5,5,5,5,5,5,5,5,5,5,5,4,5,3,3,4,5,5,3,2,5,5,5,5,1,5,4,5,3,3,4,2,1,2,2,2,5,5,4,5,1,2,4,3,4,4,3,3,4.75,3.75,4.75,5,5,4.75,3.75,3.75,5,3.75,3,1.75,4.75,2.5,3.5,4.41666666666667,4.91666666666667,4.16666666666667,2.83333333333333,3.58333333333333
"104","109",4,4,3,2,4,4,3,2,3,4,4,4,4,4,4,3,4,4,4,2,5,4,4,2,4,4,3,4,4,2,3,2,3,3,2,2,4,3,2,4,1,1,2,2,3,3,2,2,4,2,4,3,2,3,3,4,4,4,3,3,3.25,3.25,3.75,3.75,3.5,3.75,3.75,2.75,2.5,3.25,1.5,2.5,3.25,3,3.5,3.41666666666667,3.66666666666667,3,2.41666666666667,3.25
"105","110",4,4,2,1,4,4,4,4,3,3,3,4,4,5,4,3,5,4,4,3,4,3,3,4,4,4,4,4,4,4,3,3,5,5,3,3,4,5,2,3,4,4,4,2,4,3,3,2,3,3,2,2,4,4,3,2,2,3,4,3,2.75,4,3.25,4,4,3.5,4,3.5,4,3.5,3.5,3,2.5,3.25,3,3.33333333333333,3.83333333333333,3.83333333333333,3.33333333333333,2.91666666666667
"106","111",2,4,3,1,4,4,2,1,3,4,5,1,4,4,5,5,5,4,4,2,5,4,2,2,5,4,4,5,4,4,3,1,4,4,4,2,5,5,5,4,5,4,3,5,4,2,4,5,4,5,5,5,5,4,4,5,3,4,4,4,2.5,2.75,3.25,4.5,3.75,3.25,4.5,3,3.5,4.75,4.25,3.75,4.75,4.5,3.75,2.83333333333333,3.83333333333333,3.66666666666667,4.25,4.33333333333333
"107","112",1,2,1,2,2,2,3,2,2,1,2,3,5,4,5,5,5,5,5,2,2,4,3,2,2,2,4,4,2,1,2,1,4,5,4,4,3,4,1,5,2,4,5,2,3,2,4,1,5,4,5,3,4,2,2,4,3,2,1,3,1.5,2.25,2,4.75,4.25,2.75,3,1.5,4.25,3.25,3.25,2.5,4.25,3,2.25,1.91666666666667,3.91666666666667,2.91666666666667,3,3.16666666666667
"108","113",4,3,3,2,4,4,3,2,2,2,2,3,4,4,5,5,4,4,3,3,4,1,3,2,4,4,4,5,4,4,2,2,5,5,3,4,4,4,2,1,2,2,4,3,1,1,2,2,5,5,4,2,2,2,2,3,4,2,2,4,3,3.25,2.25,4.5,3.5,2.5,4.25,3,4.25,2.75,2.75,1.5,4,2.25,3,2.83333333333333,3.5,3.83333333333333,2.33333333333333,3.08333333333333
"109","114",5,5,5,3,4,4,5,5,4,4,5,4,4,4,5,3,4,4,5,4,2,1,2,2,2,1,2,3,4,5,3,2,4,5,2,4,4,4,4,4,1,2,4,2,3,2,2,2,5,4,4,4,5,5,5,5,4,4,5,5,4.5,4.5,4.25,4,4.25,1.75,2,3.5,3.75,4,2.25,2.25,4.25,5,4.5,4.41666666666667,3.33333333333333,3.08333333333333,2.83333333333333,4.58333333333333
"110","115",3,4,3,1,4,4,4,3,2,4,3,3,5,3,5,4,4,5,3,2,5,5,2,1,3,4,4,5,2,3,2,2,4,3,2,2,4,5,4,4,2,3,3,5,5,4,4,4,4,4,3,4,4,4,3,3,4,4,4,5,2.75,3.75,3,4.25,3.5,3.25,4,2.25,2.75,4.25,3.25,4.25,3.75,3.5,4.25,3.16666666666667,3.66666666666667,3,3.91666666666667,3.83333333333333
"111","116",5,5,4,5,4,4,4,4,5,5,5,4,4,4,4,2,5,4,4,3,2,3,4,2,4,4,4,5,4,3,2,2,5,5,2,2,4,4,3,4,2,1,4,2,5,5,3,3,4,4,4,3,4,4,3,4,4,5,4,5,4.75,4,4.75,3.5,4,2.75,4.25,2.75,3.5,3.75,2.25,4,3.75,3.75,4.5,4.5,3.41666666666667,3.5,3.33333333333333,4
"112","117",4,5,4,4,4,4,3,3,2,4,4,2,5,4,5,4,4,4,2,2,2,2,2,2,2,2,2,4,4,3,2,2,4,4,2,2,4,5,4,5,4,4,4,2,4,5,5,4,5,5,5,5,5,4,5,4,4,4,4,5,4.25,3.5,3,4.5,3,2,2.5,2.75,3,4.5,3.5,4.5,5,4.5,4.25,3.58333333333333,3.16666666666667,2.75,4.16666666666667,4.58333333333333
"113","118",5,5,4,4,2,4,4,4,5,5,5,4,5,4,5,5,5,5,5,4,5,4,4,5,4,2,3,4,5,5,4,3,5,5,4,3,2,3,2,4,4,4,2,2,2,4,4,2,2,3,1,2,4,2,5,4,4,4,4,4,4.5,3.5,4.75,4.75,4.75,4.5,3.25,4.25,4.25,2.75,3,3,2,3.75,4,4.25,4.66666666666667,3.91666666666667,2.91666666666667,3.25
"114","119",5,5,2,2,4,4,4,4,4,4,4,5,4,5,4,2,4,3,3,2,2,2,2,2,4,3,2,5,5,4,3,1,2,3,2,2,5,3,4,4,4,3,3,3,3,2,2,2,4,2,2,1,3,3,4,2,4,5,4,2,3.5,4,4.25,3.75,3,2,3.5,3.25,2.25,4,3.25,2.25,2.25,3,3.75,3.91666666666667,2.91666666666667,3,3.16666666666667,3
"115","120",4,4,4,2,3,4,3,4,4,4,5,4,5,5,5,5,5,5,4,5,4,3,4,5,3,4,4,5,4,4,4,2,4,4,2,5,4,3,2,4,2,1,2,2,2,1,2,2,5,5,4,4,3,3,2,2,4,4,4,4,3.5,3.5,4.25,5,4.75,4,4,3.5,3.75,3.25,1.75,1.75,4.5,2.5,4,3.75,4.58333333333333,3.75,2.25,3.66666666666667
"116","121",4,4,2,1,2,3,4,2,4,4,4,4,5,5,5,4,5,5,5,5,4,5,4,4,5,5,5,5,5,4,3,4,4,4,4,5,3,3,2,4,2,2,2,2,2,2,2,2,3,4,2,2,4,4,4,2,4,4,5,4,2.75,2.75,4,4.75,5,4.25,5,4,4.25,3,2,2,2.75,3.5,4.25,3.16666666666667,4.66666666666667,4.41666666666667,2.33333333333333,3.5
"117","122",2,2,2,2,2,1,3,1,3,4,4,3,4,4,5,5,4,4,4,3,4,4,4,3,4,4,4,5,4,3,4,3,4,4,4,5,5,5,4,5,3,3,4,4,2,3,4,3,4,3,2,3,4,4,3,2,3,3,2,2,2,1.75,3.5,4.5,3.75,3.75,4.25,3.5,4.25,4.75,3.5,3,3,3.25,2.5,2.41666666666667,4,4,3.75,2.91666666666667
"118","123",4,4,4,3,3,3,3,2,4,3,4,3,4,4,5,4,4,4,3,4,4,4,3,3,4,3,4,4,3,4,2,2,3,3,3,2,4,4,3,4,3,3,3,4,3,3,4,3,4,4,3,2,3,3,2,2,4,4,3,3,3.75,2.75,3.5,4.25,3.75,3.5,3.75,2.75,2.75,3.75,3.25,3.25,3.25,2.5,3.5,3.33333333333333,3.83333333333333,3.08333333333333,3.41666666666667,3.08333333333333
"119","124",4,4,2,2,5,5,4,5,4,5,4,4,3,4,4,1,5,5,1,3,1,1,2,2,4,3,3,4,4,5,4,2,5,5,4,4,4,4,2,3,3,3,3,2,2,1,2,2,4,5,4,4,4,4,3,4,4,5,4,4,3,4.75,4.25,3,3.5,1.5,3.5,3.75,4.5,3.25,2.75,1.75,4.25,3.75,4.25,4,2.66666666666667,3.91666666666667,2.58333333333333,4.08333333333333
"120","125",1,3,2,1,2,3,4,3,1,2,4,2,4,3,4,3,4,5,4,4,3,4,3,2,4,2,2,3,5,4,2,2,4,4,1,2,4,5,5,5,4,4,3,4,4,5,4,4,4,4,5,5,5,4,4,5,3,4,4,5,1.75,3,2.25,3.5,4.25,3,2.75,3.25,2.75,4.75,3.75,4.25,4.5,4.5,4,2.33333333333333,3.58333333333333,2.91666666666667,4.25,4.33333333333333
"121","126",4,3,2,2,1,2,5,4,3,2,4,4,4,4,2,2,5,4,5,4,4,3,4,4,5,5,5,5,5,4,4,4,2,4,3,5,2,4,2,2,3,2,2,2,4,2,3,2,3,4,3,4,4,4,3,2,4,3,3,4,2.75,3,3.25,3,4.5,3.75,5,4.25,3.5,2.5,2.25,2.75,3.5,3.25,3.5,3,3.75,4.25,2.5,3.41666666666667
"122","127",2,4,1,2,4,4,3,4,2,1,2,2,4,4,4,2,5,5,5,4,2,4,4,4,5,4,4,4,4,4,2,2,4,4,4,4,4,4,4,4,2,2,2,2,1,1,2,1,4,4,4,4,4,4,5,2,4,4,2,5,2.25,3.75,1.75,3.5,4.75,3.5,4.25,3,4,4,2,1.25,4,3.75,3.75,2.58333333333333,3.91666666666667,3.75,2.41666666666667,3.83333333333333
"123","128",3,4,2,2,4,4,4,4,3,3,4,2,3,3,4,2,4,4,2,2,4,4,4,4,1,2,2,5,4,4,2,1,4,4,3,3,3,3,2,3,2,2,3,2,3,3,2,2,4,4,4,4,4,4,4,4,2,3,4,4,2.75,4,3,3,3,4,2.5,2.75,3.5,2.75,2.25,2.5,4,4,3.25,3.25,3.33333333333333,2.91666666666667,2.5,3.75
"124","129",2,4,2,1,1,1,4,2,2,2,2,2,5,4,5,5,5,5,4,4,3,1,2,2,4,2,4,5,4,1,2,1,4,4,2,3,2,5,5,5,5,5,5,5,4,4,4,4,4,4,4,4,4,4,4,2,2,2,4,4,2.25,2,2,4.75,4.5,2,3.75,2,3.25,4.25,5,4,4,3.5,3,2.08333333333333,3.75,3,4.41666666666667,3.5
"125","130",5,4,4,1,1,3,2,2,4,4,5,5,5,5,5,5,4,4,4,2,4,4,5,4,5,5,5,5,4,3,4,2,4,5,4,4,3,5,4,5,4,2,4,4,4,4,4,3,5,4,4,4,4,2,2,4,2,2,2,2,3.5,2,4.5,5,3.5,4.25,5,3.25,4.25,4.25,3.5,3.75,4.25,3,2,3.33333333333333,4.25,4.16666666666667,3.83333333333333,3.08333333333333
"126","131",4,2,2,2,2,1,3,3,3,4,4,4,5,4,5,4,5,5,5,5,4,4,4,3,3,4,4,4,4,4,4,3,5,4,5,5,5,3,3,2,1,1,2,2,2,3,2,2,4,5,4,4,4,4,3,5,4,4,3,3,2.5,2.25,3.75,4.5,5,3.75,3.75,3.75,4.75,3.25,1.5,2.25,4.25,4,3.5,2.83333333333333,4.41666666666667,4.08333333333333,2.33333333333333,3.91666666666667
"127","132",4,1,1,1,2,3,2,3,3,3,4,2,4,4,4,4,5,5,5,5,4,4,4,4,5,4,4,4,4,4,3,2,4,4,3,4,4,4,3,5,1,1,3,1,3,2,2,2,2,4,2,2,4,4,3,5,2,3,3,3,1.75,2.5,3,4,5,4,4.25,3.25,3.75,4,1.5,2.25,2.5,4,2.75,2.41666666666667,4.33333333333333,3.75,2.58333333333333,3.08333333333333
"128","133",4,2,1,1,2,4,4,4,3,4,4,3,5,3,5,2,5,5,4,4,2,4,2,2,5,2,4,2,1,2,3,2,5,5,5,5,5,5,4,5,4,4,3,2,2,4,4,2,5,5,5,4,4,4,4,4,4,2,4,3,2,3.5,3.5,3.75,4.5,2.5,3.25,2,5,4.75,3.25,3,4.75,4,3.25,3,3.58333333333333,3.41666666666667,3.66666666666667,4
"129","134",5,5,5,5,4,4,5,4,5,5,5,3,5,4,5,5,5,5,5,3,4,5,2,2,5,4,5,5,5,4,5,4,5,5,5,5,4,4,2,5,2,1,2,1,3,4,3,2,5,5,5,5,5,5,4,4,5,5,5,5,5,4.25,4.5,4.75,4.5,3.25,4.75,4.5,5,3.75,1.5,3,5,4.5,5,4.58333333333333,4.16666666666667,4.75,2.75,4.83333333333333
"130","135",2,2,2,1,3,4,4,3,3,3,5,4,4,4,5,5,5,5,5,5,4,5,5,5,5,5,5,5,5,5,4,4,5,5,5,5,2,2,1,2,1,1,2,2,1,1,1,1,5,4,4,4,5,4,4,4,4,4,4,5,1.75,3.5,3.75,4.5,5,4.75,5,4.5,5,1.75,1.5,1,4.25,4.25,4.25,3,4.75,4.83333333333333,1.41666666666667,4.25
"131","136",5,5,5,4,2,4,3,4,5,5,5,5,5,5,5,5,5,5,5,5,5,4,4,3,5,5,5,4,5,5,2,5,5,5,5,5,5,5,5,5,2,1,2,1,1,4,5,2,5,5,3,5,5,5,5,5,5,5,5,5,4.75,3.25,5,5,5,4,4.75,4.25,5,5,1.5,3,4.5,5,5,4.33333333333333,4.66666666666667,4.66666666666667,3.16666666666667,4.83333333333333
"132","137",3,4,1,2,4,3,3,3,3,4,5,5,4,4,1,2,5,5,2,2,4,2,2,2,5,5,4,4,4,4,2,2,4,4,2,2,4,4,2,4,5,4,2,2,2,3,2,2,4,4,4,4,5,5,5,3,4,4,4,5,2.5,3.25,4.25,2.75,3.5,2.5,4.5,3,3,3.5,3.25,2.25,4,4.5,4.25,3.33333333333333,2.91666666666667,3.5,3,4.25
"133","138",1,2,2,1,1,2,2,1,1,3,3,4,5,4,5,5,5,5,5,5,5,2,2,4,3,3,3,3,1,1,2,1,2,4,4,2,5,5,4,5,5,5,5,3,4,3,5,4,4,3,4,3,5,5,4,4,2,2,3,5,1.5,1.5,2.75,4.75,5,3.25,3,1.25,3,4.75,4.5,4,3.5,4.5,3,1.91666666666667,4.33333333333333,2.41666666666667,4.41666666666667,3.66666666666667
"134","139",4,4,3,1,3,4,4,3,3,4,5,5,5,4,2,5,5,5,5,5,1,3,3,4,5,4,5,4,4,5,4,4,5,5,5,5,3,5,4,5,1,1,3,1,1,2,3,2,3,5,5,1,3,3,5,3,2,2,3,3,3,3.5,4.25,4,5,2.75,4.5,4.25,5,4.25,1.5,2,3.5,3.5,2.5,3.58333333333333,3.91666666666667,4.58333333333333,2.58333333333333,3.16666666666667
"135","140",4,5,4,2,5,4,3,2,5,5,4,5,5,4,5,5,5,5,4,2,5,4,2,2,2,1,1,1,4,4,5,2,4,2,2,2,4,5,5,5,4,3,4,4,5,5,5,2,5,5,5,5,5,5,5,5,4,5,5,5,3.75,3.5,4.75,4.75,4,3.25,1.25,3.75,2.5,4.75,3.75,4.25,5,5,4.75,4,4,2.5,4.25,4.91666666666667
"136","141",2,2,2,2,2,2,2,2,2,2,4,2,4,4,4,2,4,4,4,2,2,2,2,2,4,4,2,4,3,4,2,2,4,4,2,2,4,4,4,4,4,4,4,3,4,2,2,2,4,4,2,2,2,2,2,2,4,3,2,2,2,2,2.5,3.5,3.5,2,3.5,2.75,3,4,3.75,2.5,3,2,2.75,2.16666666666667,3,3.08333333333333,3.41666666666667,2.58333333333333
"137","142",2,3,3,2,1,2,3,2,1,3,5,3,4,4,5,5,4,4,5,4,3,4,3,4,3,2,2,4,3,2,2,2,4,4,4,4,2,2,2,2,2,1,4,2,1,3,2,4,2,3,4,4,3,4,2,4,2,2,2,3,2.5,2,3,4.5,4.25,3.5,2.75,2.25,4,2,2.25,2.5,3.25,3.25,2.25,2.5,4.08333333333333,3,2.25,2.91666666666667
"138","143",2,3,2,2,1,2,2,1,4,3,5,4,5,4,5,4,5,5,5,4,4,5,4,5,3,4,4,5,4,4,4,4,4,4,4,5,3,5,4,4,3,3,4,2,3,4,4,2,4,4,4,4,3,4,3,3,2,2,3,5,2.25,1.5,4,4.5,4.75,4.5,4,4,4.25,4,3,3.25,4,3.25,3,2.58333333333333,4.58333333333333,4.08333333333333,3.41666666666667,3.41666666666667
"139","144",4,5,1,1,2,4,3,3,5,5,5,3,5,4,5,4,5,5,4,3,5,2,3,4,4,4,2,2,4,3,2,2,5,4,4,5,1,1,1,1,1,1,2,2,1,3,1,2,4,2,3,3,4,4,4,5,5,5,5,5,2.75,3,4.5,4.5,4.25,3.5,3,2.75,4.5,1,1.5,1.75,3,4.25,5,3.41666666666667,4.08333333333333,3.41666666666667,1.41666666666667,4.08333333333333
"140","145",4,4,4,3,3,4,4,4,5,5,5,3,5,5,5,5,5,5,4,4,4,4,4,3,4,5,4,5,4,4,3,3,4,5,5,5,3,3,3,3,2,2,3,1,3,3,3,2,5,4,4,4,4,4,4,4,4,4,4,4,3.75,3.75,4.5,5,4.5,3.75,4.5,3.5,4.75,3,2,2.75,4.25,4,4,4,4.41666666666667,4.25,2.58333333333333,4.08333333333333
"141","146",4,4,2,2,4,5,4,4,5,5,5,4,5,4,5,4,4,4,4,4,2,2,3,2,4,4,5,5,5,4,4,4,4,5,4,5,4,4,3,4,2,2,4,2,5,5,4,4,4,5,3,3,2,4,2,2,4,4,4,5,3,4.25,4.75,4.5,4,2.25,4.5,4.25,4.5,3.75,2.5,4.5,3.75,2.5,4.25,4,3.58333333333333,4.41666666666667,3.58333333333333,3.5
"142","147",1,1,1,1,4,1,2,2,1,1,4,1,3,3,4,2,5,5,5,3,1,2,3,2,5,4,4,5,5,4,4,4,4,4,4,4,5,4,4,4,2,2,4,3,3,3,3,2,4,5,4,4,5,5,4,5,2,3,3,4,1,2.25,1.75,3,4.5,2,4.5,4.25,4,4.25,2.75,2.75,4.25,4.75,3,1.66666666666667,3.16666666666667,4.25,3.25,4
"143","148",5,5,4,4,4,4,3,4,4,4,4,4,4,4,4,4,4,4,4,4,4,4,4,3,4,4,4,4,3,4,2,2,4,4,4,4,2,2,2,4,2,1,2,2,2,3,2,2,4,4,4,4,4,4,4,4,3,2,2,5,4.5,3.75,4,4,4,3.75,4,2.75,4,2.5,1.75,2.25,4,4,3,4.08333333333333,3.91666666666667,3.58333333333333,2.16666666666667,3.66666666666667
"144","149",2,2,2,2,1,2,4,2,4,2,2,4,5,4,5,4,5,5,5,4,4,4,3,3,4,4,4,5,4,5,2,2,4,4,4,3,4,3,2,3,2,2,2,2,2,2,2,2,4,5,4,4,5,5,4,5,4,4,4,4,2,2.25,3,4.5,4.75,3.5,4.25,3.25,3.75,3,2,2,4.25,4.75,4,2.41666666666667,4.25,3.75,2.33333333333333,4.33333333333333
"145","150",4,3,2,2,5,5,4,4,4,3,4,5,3,5,4,2,4,4,5,3,3,3,4,4,5,5,5,5,5,4,4,3,5,5,4,4,1,2,1,2,1,1,2,1,2,1,1,1,5,4,4,5,3,4,4,4,5,5,4,5,2.75,4.5,4,3.5,4,3.5,5,4,4.5,1.5,1.25,1.25,4.5,3.75,4.75,3.75,3.66666666666667,4.5,1.33333333333333,4.33333333333333
"146","151",3,3,2,2,3,3,5,3,2,2,4,5,3,3,3,3,4,4,2,3,2,1,3,2,3,2,3,4,3,5,4,4,3,4,2,4,4,4,5,5,5,3,4,2,4,4,4,3,5,5,5,5,5,5,5,5,5,5,4,5,2.5,3.5,3.25,3,3.25,2,3,4,3.25,4.5,3.5,3.75,5,5,4.75,3.08333333333333,2.75,3.41666666666667,3.91666666666667,4.91666666666667
"147","152",4,3,2,2,1,2,3,3,3,3,4,2,4,3,4,4,5,4,5,3,5,5,4,5,4,3,4,4,3,2,3,2,4,4,2,4,3,4,1,3,2,2,3,3,2,2,2,2,4,3,3,3,4,4,4,3,2,2,2,3,2.75,2.25,3,3.75,4.25,4.75,3.75,2.5,3.5,2.75,2.5,2,3.25,3.75,2.25,2.66666666666667,4.25,3.25,2.41666666666667,3.08333333333333
"148","153",5,4,3,3,5,4,2,2,3,2,4,5,2,4,3,4,4,5,5,2,4,2,2,4,5,5,5,5,5,5,5,4,5,2,2,2,4,4,2,4,3,1,1,1,4,2,2,2,4,5,5,5,4,4,5,4,5,5,5,5,3.75,3.25,3.5,3.25,4,3,5,4.75,2.75,3.5,1.5,2.5,4.75,4.25,5,3.5,3.41666666666667,4.16666666666667,2.5,4.66666666666667
"149","154",4,4,4,4,4,5,4,3,4,4,4,4,5,4,5,5,4,5,3,5,5,5,3,3,5,4,4,4,4,4,4,3,4,4,3,2,4,3,3,4,3,2,3,1,4,4,2,2,4,5,3,5,4,4,5,4,3,4,5,4,4,4,4,4.75,4.25,4,4.25,3.75,3.25,3.5,2.25,3,4.25,4.25,4,4,4.33333333333333,3.75,2.91666666666667,4.16666666666667
"150","155",5,5,4,2,4,4,4,3,4,5,5,4,4,4,4,4,4,5,3,3,4,4,4,3,3,2,3,3,3,3,3,3,4,5,3,3,2,3,3,3,3,2,2,2,2,2,2,2,3,4,5,4,3,3,2,4,4,4,4,2,4,3.75,4.5,4,3.75,3.75,2.75,3,3.75,2.75,2.25,2,4,3,3.5,4.08333333333333,3.83333333333333,3.16666666666667,2.33333333333333,3.5
"151","156",4,4,3,4,4,3,2,4,4,4,4,4,4,4,4,3,5,5,3,2,3,3,2,2,4,5,4,5,4,5,3,3,5,5,4,2,5,5,4,4,3,2,3,3,4,4,3,2,4,4,4,4,3,2,2,4,4,4,4,4,3.75,3.25,4,3.75,3.75,2.5,4.5,3.75,4,4.5,2.75,3.25,4,2.75,4,3.66666666666667,3.33333333333333,4.08333333333333,3.5,3.58333333333333
"152","157",1,2,1,1,2,1,3,1,2,2,4,1,5,4,5,4,5,5,5,4,4,5,4,4,4,1,1,4,1,4,1,1,4,4,2,2,5,5,4,5,4,4,4,3,1,2,2,2,5,1,1,2,5,5,2,5,2,1,4,4,1.25,1.75,2.25,4.5,4.75,4.25,2.5,1.75,3,4.75,3.75,1.75,2.25,4.25,2.75,1.75,4.5,2.41666666666667,3.41666666666667,3.08333333333333
"153","158",3,3,3,2,2,2,2,2,3,3,4,3,5,5,5,5,5,5,4,4,4,2,4,2,4,4,5,5,4,3,4,2,5,5,5,5,2,5,4,4,4,4,4,4,4,4,4,3,4,4,4,4,4,4,3,3,3,4,2,5,2.75,2,3.25,5,4.5,3,4.5,3.25,5,3.75,4,3.75,4,3.5,3.5,2.66666666666667,4.16666666666667,4.25,3.83333333333333,3.66666666666667
"154","159",4,5,3,2,4,3,5,3,4,4,4,4,4,4,5,4,4,5,2,2,4,4,4,3,4,2,1,1,4,4,4,1,5,4,3,2,4,2,2,3,1,1,3,2,3,3,2,2,4,4,5,3,5,5,3,4,5,5,5,4,3.5,3.75,4,4.25,3.25,3.75,2,3.25,3.5,2.75,1.75,2.5,4,4.25,4.75,3.75,3.75,2.91666666666667,2.33333333333333,4.33333333333333
"155","160",4,3,2,2,2,2,4,2,2,3,2,4,4,3,3,2,5,5,5,5,4,3,2,2,4,4,3,4,2,1,2,1,2,2,2,1,4,3,3,4,5,5,2,3,4,3,2,2,4,5,5,5,5,5,5,5,3,2,4,5,2.75,2.5,2.75,3,5,2.75,3.75,1.5,1.75,3.5,3.75,2.75,4.75,5,3.5,2.66666666666667,3.58333333333333,2.33333333333333,3.33333333333333,4.41666666666667
"156","161",4,4,2,1,4,4,4,2,2,2,4,5,4,4,4,3,5,5,5,5,4,3,4,2,4,4,4,5,4,4,2,2,5,5,5,4,1,2,1,2,1,2,2,2,1,1,1,1,4,4,5,5,4,5,5,1,5,4,5,5,2.75,3.5,3.25,3.75,5,3.25,4.25,3,4.75,1.5,1.75,1,4.5,3.75,4.75,3.16666666666667,4,4,1.41666666666667,4.33333333333333
"157","162",5,4,4,2,5,4,3,5,4,5,4,4,4,4,5,4,5,4,4,3,4,4,3,2,4,4,3,5,5,4,4,1,4,4,4,2,5,5,4,5,4,4,1,3,4,4,4,3,5,5,4,5,5,5,5,5,4,4,5,5,3.75,4.25,4.25,4.25,4,3.25,4,3.5,3.5,4.75,3,3.75,4.75,5,4.5,4.08333333333333,3.83333333333333,3.66666666666667,3.83333333333333,4.75
"158","163",4,4,3,3,5,4,5,3,4,4,4,5,4,4,2,2,5,4,5,4,2,4,2,2,5,5,5,5,5,4,4,2,4,4,5,5,4,3,2,4,2,1,1,2,2,1,1,1,5,4,4,4,3,4,4,3,4,3,4,5,3.5,4.25,4.25,3,4.5,2.5,5,3.75,4.5,3.25,1.5,1.25,4.25,3.5,4,4,3.33333333333333,4.41666666666667,2,3.91666666666667
"159","164",4,3,2,2,3,4,4,3,4,4,4,4,5,5,1,5,5,5,5,5,4,5,4,4,5,5,5,5,4,4,4,4,5,5,5,5,3,4,4,4,2,2,3,2,3,2,2,2,4,4,4,4,4,4,4,4,4,4,4,4,2.75,3.5,4,4,5,4.25,5,4,5,3.75,2.25,2.25,4,4,4,3.41666666666667,4.41666666666667,4.66666666666667,2.75,4
"160","165",2,2,1,1,1,2,3,1,2,3,2,2,4,4,5,3,4,4,5,2,3,3,3,1,2,1,1,2,2,1,1,2,2,2,2,2,4,4,5,5,4,4,4,3,4,2,3,2,4,4,4,4,5,4,5,2,2,2,5,4,1.5,1.75,2.25,4,3.75,2.5,1.5,1.5,2,4.5,3.75,2.75,4,4,3.25,1.83333333333333,3.41666666666667,1.66666666666667,3.66666666666667,3.75
"161","166",4,5,5,2,2,3,3,4,3,3,3,5,4,3,5,5,4,4,5,4,3,4,2,2,4,1,2,1,1,1,4,1,2,1,2,2,3,4,4,5,4,4,3,3,4,4,4,4,5,5,5,5,5,5,5,2,4,4,4,5,4,3,3.5,4.25,4.25,2.75,2,1.75,1.75,4,3.5,4,5,4.25,4.25,3.5,3.75,1.83333333333333,3.83333333333333,4.5
"162","167",2,3,2,2,3,2,2,2,3,3,4,4,5,5,5,4,5,5,4,4,5,3,3,2,5,5,5,5,4,4,4,2,5,5,4,4,4,5,4,5,3,2,2,3,3,3,2,2,4,4,4,5,5,5,4,5,4,4,5,3,2.25,2.25,3.5,4.75,4.5,3.25,5,3.5,4.5,4.5,2.5,2.5,4.25,4.75,4,2.66666666666667,4.16666666666667,4.33333333333333,3.16666666666667,4.33333333333333
"163","168",4,4,4,3,2,4,3,4,3,3,4,3,4,4,2,3,4,5,2,2,4,2,3,3,4,2,2,2,3,3,3,2,4,4,3,4,4,5,3,4,2,2,3,4,2,3,2,2,4,3,3,4,5,4,5,4,3,4,4,5,3.75,3.25,3.25,3.25,3.25,3,2.5,2.75,3.75,4,2.75,2.25,3.5,4.5,4,3.41666666666667,3.16666666666667,3,3,4
"164","169",2,2,2,1,2,2,1,2,1,2,4,2,2,2,2,2,3,4,5,3,3,4,2,4,4,4,4,5,2,2,2,2,3,3,2,2,4,4,5,5,4,4,5,5,5,4,4,4,4,4,5,5,5,5,5,5,3,4,4,5,1.75,1.75,2.25,2,3.75,3.25,4.25,2,2.5,4.5,4.5,4.25,4.5,5,4,1.91666666666667,3,2.91666666666667,4.41666666666667,4.5
"165","170",5,5,4,2,4,2,2,3,5,5,5,5,5,5,5,5,5,5,5,5,4,4,4,5,5,5,5,5,5,5,5,4,5,5,5,5,4,4,4,2,2,1,1,1,1,2,1,1,5,5,4,4,4,5,5,4,4,4,5,5,4,2.75,5,5,5,4.25,5,4.75,5,3.5,1.25,1.25,4.5,4.5,4.5,3.91666666666667,4.75,4.91666666666667,2,4.5
"166","171",4,3,3,3,2,3,4,4,3,2,4,5,4,4,5,4,5,5,4,5,4,5,4,2,4,3,4,5,4,5,4,4,5,5,5,4,4,2,2,3,1,1,2,1,1,1,1,1,5,4,5,5,5,5,4,2,4,4,4,5,3.25,3.25,3.5,4.25,4.75,3.75,4,4.25,4.75,2.75,1.25,1,4.75,4,4.25,3.33333333333333,4.25,4.33333333333333,1.66666666666667,4.33333333333333
"167","172",2,4,2,1,4,4,4,3,3,1,4,4,2,4,4,3,5,4,2,3,3,2,4,2,5,5,5,5,4,3,4,4,5,4,4,4,5,4,1,3,2,1,3,3,3,1,1,2,3,4,4,2,1,3,1,1,2,2,2,4,2.25,3.75,3,3.25,3.5,2.75,5,3.75,4.25,3.25,2.25,1.75,3.25,1.5,2.5,3,3.16666666666667,4.33333333333333,2.41666666666667,2.41666666666667
"168","173",5,5,5,4,4,5,4,5,4,5,5,2,5,4,5,5,5,5,4,5,5,5,4,4,5,5,5,5,5,4,4,4,4,4,5,5,5,5,4,4,2,2,4,4,1,1,2,2,5,5,5,5,5,5,5,5,5,5,5,5,4.75,4.5,4,4.75,4.75,4.5,5,4.25,4.5,4.5,3,1.5,5,5,5,4.41666666666667,4.66666666666667,4.58333333333333,3,5
"169","174",5,5,2,2,5,5,5,5,3,3,5,5,4,4,5,2,5,5,4,4,2,2,5,2,5,5,5,5,5,5,5,4,5,5,5,5,5,5,4,5,4,4,4,1,5,5,2,2,5,5,5,4,5,5,4,3,4,4,5,5,3.5,5,4,3.75,4.5,2.75,5,4.75,5,4.75,3.25,3.5,4.75,4.25,4.5,4.16666666666667,3.66666666666667,4.91666666666667,3.83333333333333,4.5
"170","175",2,2,2,4,2,4,5,4,4,4,5,5,5,4,5,5,5,5,5,4,5,5,4,4,4,4,4,5,4,5,5,4,5,5,4,4,5,5,4,4,4,2,2,2,2,4,4,2,5,5,4,5,5,5,5,5,4,4,5,5,2.5,3.75,4.5,4.75,4.75,4.5,4.25,4.5,4.5,4.5,2.5,3,4.75,5,4.5,3.58333333333333,4.66666666666667,4.41666666666667,3.33333333333333,4.75
"171","176",4,2,2,2,1,3,3,2,3,4,4,3,5,5,5,4,5,5,5,2,3,2,2,2,3,2,3,4,4,4,2,3,5,5,4,2,4,4,2,4,3,3,3,1,2,2,2,2,4,4,5,2,3,4,2,2,3,3,3,5,2.5,2.25,3.5,4.75,4.25,2.25,3,3.25,4,3.5,2.5,2,3.75,2.75,3.5,2.75,3.75,3.41666666666667,2.66666666666667,3.33333333333333
"172","177",5,4,4,3,3,4,5,4,3,4,5,5,5,5,4,5,4,5,3,4,3,4,4,3,4,4,4,5,4,5,4,4,5,5,4,4,2,2,2,2,1,1,2,1,2,2,2,2,2,5,4,3,4,3,4,2,2,3,4,5,4,4,4.25,4.75,4,3.5,4.25,4.25,4.5,2,1.25,2,3.5,3.25,3.5,4.08333333333333,4.08333333333333,4.33333333333333,1.75,3.41666666666667
"173","178",2,2,2,1,4,3,4,4,1,2,2,4,4,4,5,3,5,5,5,5,3,2,1,1,3,2,2,2,4,4,2,2,3,3,4,4,5,5,5,5,5,4,4,5,2,4,4,4,5,4,5,5,5,5,5,4,5,5,4,5,1.75,3.75,2.25,4,5,1.75,2.25,3,3.5,5,4.5,3.5,4.75,4.75,4.75,2.58333333333333,3.58333333333333,2.91666666666667,4.33333333333333,4.75
"174","179",3,2,1,2,1,2,3,2,4,4,5,4,5,5,4,5,5,5,5,5,5,5,4,4,5,3,4,3,5,5,5,3,4,5,3,3,4,2,2,4,1,2,1,3,4,2,2,1,5,3,5,4,5,5,5,5,5,5,5,5,2,2,4.25,4.75,5,4.5,3.75,4.5,3.75,3,1.75,2.25,4.25,5,5,2.75,4.75,4,2.33333333333333,4.75
"175","180",3,2,1,2,1,3,2,2,3,4,4,5,5,4,5,5,5,5,4,3,5,4,3,5,4,5,5,5,3,5,4,2,5,5,4,4,3,3,3,4,2,2,4,3,2,2,2,2,4,4,3,2,3,4,4,4,2,2,2,3,2,2,4,4.75,4.25,4.25,4.75,3.5,4.5,3.25,2.75,2,3.25,3.75,2.25,2.66666666666667,4.41666666666667,4.25,2.66666666666667,3.08333333333333
"176","181",4,5,2,1,3,4,2,2,3,3,4,2,4,4,4,4,4,3,4,1,4,2,4,2,4,1,4,4,4,4,4,1,4,4,2,4,5,4,3,4,1,1,2,1,2,2,2,2,5,4,5,5,4,4,4,4,4,2,2,4,3,2.75,3,4,3,3,3.25,3.25,3.5,4,1.25,2,4.75,4,3,2.91666666666667,3.33333333333333,3.33333333333333,2.41666666666667,3.91666666666667
"177","182",5,5,4,4,4,4,4,3,4,4,4,5,5,4,4,4,5,5,3,4,5,4,4,2,5,4,4,3,4,4,5,4,5,4,5,4,5,4,3,4,3,2,3,2,4,4,2,3,2,4,3,1,1,1,1,2,2,2,3,3,4.5,3.75,4.25,4.25,4.25,3.75,4,4.25,4.5,4,2.5,3.25,2.5,1.25,2.5,4.16666666666667,4.08333333333333,4.25,3.25,2.08333333333333
"178","183",2,3,2,1,2,3,3,3,1,3,4,3,5,5,5,5,5,4,2,2,4,4,3,3,2,2,2,3,4,4,3,1,4,4,3,3,5,5,4,5,3,4,3,2,3,4,3,2,5,5,5,5,5,5,5,5,5,5,5,5,2,2.75,2.75,5,3.25,3.5,2.25,3,3.5,4.75,3,3,5,5,5,2.5,3.91666666666667,2.91666666666667,3.58333333333333,5
"179","184",4,2,1,4,4,5,5,5,2,4,5,5,5,5,4,4,5,4,5,4,2,5,4,2,5,4,5,5,5,4,4,1,5,5,5,5,4,4,1,4,2,4,2,2,1,1,1,1,5,5,5,5,5,4,5,4,5,5,5,2,2.75,4.75,4,4.5,4.5,3.25,4.75,3.5,5,3.25,2.5,1,5,4.5,4.25,3.83333333333333,4.08333333333333,4.41666666666667,2.25,4.58333333333333
"180","185",4,5,2,1,2,2,4,1,2,4,5,2,4,4,5,5,4,4,2,2,2,2,2,2,1,1,1,2,2,2,2,1,2,2,1,2,4,5,5,5,4,4,4,4,2,4,5,5,5,5,5,5,4,2,4,2,4,2,5,4,3,2.25,3.25,4.5,3,2,1.25,1.75,1.75,4.75,4,4,5,3,3.75,2.83333333333333,3.16666666666667,1.58333333333333,4.25,3.91666666666667
"181","186",3,3,4,2,4,4,4,3,4,3,5,4,3,3,4,2,4,4,4,4,1,3,3,3,5,2,2,5,4,4,2,2,5,5,4,5,3,2,2,3,2,2,2,2,2,2,3,2,4,4,4,3,4,2,2,2,4,3,3,4,3,3.75,4,3,4,2.5,3.5,3,4.75,2.5,2,2.25,3.75,2.5,3.5,3.58333333333333,3.16666666666667,3.75,2.25,3.25
"182","187",4,4,1,2,4,3,4,3,3,3,5,5,5,5,1,4,5,5,5,5,4,5,3,4,4,3,4,5,4,3,3,2,5,4,3,3,4,3,2,4,3,2,2,2,1,2,1,1,5,4,4,4,5,5,5,5,3,4,4,4,2.75,3.5,4,3.75,5,4,4,3,3.75,3.25,2.25,1.25,4.25,5,3.75,3.41666666666667,4.25,3.58333333333333,2.25,4.33333333333333
"183","188",1,1,2,3,2,2,4,2,5,4,4,5,5,4,5,5,4,4,5,4,5,4,2,3,5,4,5,5,5,5,5,4,5,4,5,5,3,3,4,4,1,1,2,1,2,1,5,1,5,5,4,4,2,5,2,3,4,4,4,5,1.75,2.5,4.5,4.75,4.25,3.5,4.75,4.75,4.75,3.5,1.25,2.25,4.5,3,4.25,2.91666666666667,4.16666666666667,4.75,2.33333333333333,3.91666666666667
"184","189",1,1,1,2,1,1,4,1,2,2,2,2,4,3,4,4,5,5,5,2,4,4,3,2,5,4,4,4,2,4,2,1,4,2,2,2,4,5,4,4,4,4,5,4,4,4,4,4,2,2,2,4,4,5,4,4,2,2,2,2,1.25,1.75,2,3.75,4.25,3.25,4.25,2.25,2.5,4.25,4.25,4,2.5,4.25,2,1.66666666666667,3.75,3,4.16666666666667,2.91666666666667
"185","190",2,4,2,2,3,4,4,3,2,3,3,5,5,5,5,5,5,5,5,5,4,4,4,2,4,3,4,5,3,4,4,4,5,4,4,4,2,4,3,4,3,3,3,4,2,2,2,2,4,4,4,4,4,4,4,4,3,4,4,5,2.5,3.5,3.25,5,5,3.5,4,3.75,4.25,3.25,3.25,2,4,4,4,3.08333333333333,4.5,4,2.83333333333333,4
"186","191",4,4,3,4,4,4,4,3,3,4,4,5,4,4,2,4,4,4,4,2,4,4,4,5,3,4,4,5,4,2,4,2,3,4,4,2,2,1,2,2,1,1,2,1,2,2,2,2,3,4,4,4,4,4,4,5,4,4,4,4,3.75,3.75,4,3.5,3.5,4.25,4,3,3.25,1.75,1.25,2,3.75,4.25,4,3.83333333333333,3.75,3.41666666666667,1.66666666666667,4
"187","192",4,3,2,2,4,2,3,2,3,4,4,4,4,4,4,3,4,4,4,4,4,4,4,3,4,4,4,4,4,4,3,4,4,4,4,2,3,4,3,4,4,4,2,2,4,3,3,4,4,4,2,3,5,5,5,3,4,4,5,4,2.75,2.75,3.75,3.75,4,3.75,4,3.75,3.5,3.5,3,3.5,3.25,4.5,4.25,3.08333333333333,3.83333333333333,3.75,3.33333333333333,4
"188","193",4,4,4,2,3,4,4,5,1,4,4,1,4,5,5,4,5,5,4,3,4,4,4,4,4,2,3,4,4,4,2,1,5,5,4,4,4,4,4,4,4,4,3,1,2,2,2,1,5,5,5,4,4,5,4,5,5,4,5,4,3.5,4,2.5,4.5,4.25,4,3.25,2.75,4.5,4,3,1.75,4.75,4.5,4.5,3.33333333333333,4.25,3.5,2.91666666666667,4.58333333333333
"189","194",2,2,2,2,4,4,3,4,5,5,4,2,2,4,4,4,4,4,4,4,4,5,3,5,4,4,4,4,4,4,4,2,4,4,2,1,2,2,2,2,2,2,2,2,2,2,2,2,5,5,5,5,4,4,4,4,2,2,4,4,2,3.75,4,3.5,4,4.25,4,3.5,2.75,2,2,2,5,4,3,3.25,3.91666666666667,3.41666666666667,2,4
"190","195",5,3,2,2,2,4,3,4,5,5,5,5,5,5,5,5,5,5,5,4,5,4,5,4,5,5,5,5,5,5,5,5,5,5,5,5,4,2,1,2,1,1,1,2,1,1,1,1,5,5,5,5,4,4,4,5,4,4,5,4,3,3.25,5,5,4.75,4.5,5,5,5,2.25,1.25,1,5,4.25,4.25,3.75,4.75,5,1.5,4.5
"191","196",4,5,4,2,3,4,3,4,4,4,4,4,2,4,3,4,5,5,5,4,2,2,2,4,2,3,3,5,4,4,3,1,4,4,1,4,5,4,5,5,3,3,4,3,4,2,2,2,5,5,4,4,4,4,3,2,5,5,2,2,3.75,3.5,4,3.25,4.75,2.5,3.25,3,3.25,4.75,3.25,2.5,4.5,3.25,3.5,3.75,3.5,3.16666666666667,3.5,3.75
"192","197",4,4,3,2,4,3,2,2,2,5,4,5,4,4,4,5,5,4,4,2,4,3,3,2,4,4,3,5,3,4,3,2,5,4,4,4,4,5,4,5,2,3,2,2,3,4,4,3,4,3,4,4,4,5,4,4,4,4,4,2,3.25,2.75,4,4.25,3.75,3,4,3,4.25,4.5,2.25,3.5,3.75,4.25,3.5,3.33333333333333,3.66666666666667,3.75,3.41666666666667,3.83333333333333
"193","198",3,3,2,1,2,1,4,2,3,4,5,4,5,4,5,5,5,5,4,5,5,2,3,4,4,4,5,5,4,2,4,2,5,5,5,5,3,5,2,5,5,4,3,2,5,5,4,2,4,5,5,5,5,5,5,4,2,2,4,4,2.25,2.25,4,4.75,4.75,3.5,4.5,3,5,3.75,3.5,4,4.75,4.75,3,2.83333333333333,4.33333333333333,4.16666666666667,3.75,4.16666666666667
"194","199",5,5,4,2,5,5,3,4,4,3,3,2,4,4,1,3,5,5,4,3,4,4,4,2,4,4,4,5,3,3,2,2,5,5,4,4,3,4,4,4,4,3,3,3,3,2,3,2,4,4,5,4,3,4,3,4,3,4,3,4,4,4.25,3,3,4.25,3.5,4.25,2.5,4.5,3.75,3.25,2.5,4.25,3.5,3.5,3.75,3.58333333333333,3.75,3.16666666666667,3.75
"195","200",4,4,1,1,4,4,4,4,5,5,5,5,5,4,1,4,5,5,5,4,5,5,5,2,3,4,4,4,4,3,4,1,5,4,2,1,5,4,2,5,3,1,3,1,5,4,3,2,5,1,5,5,5,5,5,5,5,5,5,5,2.5,4,5,3.5,4.75,4.25,3.75,3,3,4,2,3.5,4,5,5,3.83333333333333,4.16666666666667,3.25,3.16666666666667,4.66666666666667
"196","201",4,5,2,2,4,4,5,3,5,5,4,3,5,5,4,5,5,5,3,2,3,4,2,3,4,2,2,3,5,5,3,2,4,5,2,2,4,4,3,4,4,3,4,2,3,4,4,3,5,5,5,5,5,5,4,3,4,4,4,4,3.25,4,4.25,4.75,3.75,3,2.75,3.75,3.25,3.75,3.25,3.5,5,4.25,4,3.83333333333333,3.83333333333333,3.25,3.5,4.41666666666667
"197","202",1,2,1,1,2,2,3,2,5,5,4,5,5,4,5,5,5,4,5,4,5,5,4,2,5,4,5,3,5,5,5,3,5,5,4,4,4,4,2,5,3,2,3,3,1,3,3,3,4,2,2,2,3,4,2,2,3,2,4,4,1.25,2.25,4.75,4.75,4.5,4,4.25,4.5,4.5,3.75,2.75,2.5,2.5,2.75,3.25,2.75,4.41666666666667,4.41666666666667,3,2.83333333333333
"198","203",5,5,2,2,3,4,3,2,4,4,4,3,5,4,5,4,5,5,3,4,5,4,4,2,4,5,3,5,3,3,2,2,4,4,3,5,2,5,4,5,4,3,1,1,3,4,3,2,4,2,4,3,4,5,2,4,5,4,3,4,3.5,3,3.75,4.5,4.25,3.75,4.25,2.5,4,4,2.25,3,3.25,3.75,4,3.41666666666667,4.16666666666667,3.58333333333333,3.08333333333333,3.66666666666667
"199","204",2,1,2,1,2,2,3,4,3,3,4,3,4,4,5,4,5,5,4,4,4,4,4,3,4,3,2,4,5,5,4,3,4,4,2,3,4,5,3,5,3,4,3,3,4,3,2,2,5,4,5,5,5,5,5,5,3,4,4,4,1.5,2.75,3.25,4.25,4.5,3.75,3.25,4.25,3.25,4.25,3.25,2.75,4.75,5,3.75,2.5,4.16666666666667,3.58333333333333,3.41666666666667,4.5
"200","205",4,4,3,3,5,4,3,4,5,5,5,5,5,4,5,5,5,5,5,5,4,2,4,4,4,3,3,4,5,5,4,4,4,4,3,4,4,5,3,4,2,2,3,2,3,4,3,2,5,5,4,4,5,5,5,4,4,4,4,5,3.5,4,5,4.75,5,3.5,3.5,4.5,3.75,4,2.25,3,4.5,4.75,4.25,4.16666666666667,4.41666666666667,3.91666666666667,3.08333333333333,4.5
"201","206",4,3,3,2,5,4,4,3,4,4,5,4,4,4,2,4,5,5,4,4,4,5,2,4,4,5,5,5,2,2,2,1,3,4,4,3,2,2,2,2,2,1,1,1,2,2,4,2,4,2,2,4,5,5,5,4,4,4,4,2,3,4,4.25,3.5,4.5,3.75,4.75,1.75,3.5,2,1.25,2.5,3,4.75,3.5,3.75,3.91666666666667,3.33333333333333,1.91666666666667,3.75
"202","207",5,5,5,4,5,5,4,4,4,4,2,4,3,4,2,3,4,3,2,2,2,3,2,2,4,3,2,4,4,4,4,3,4,4,3,3,5,5,4,4,2,2,5,2,2,5,4,4,3,5,5,5,5,5,1,5,4,4,4,5,4.75,4.5,3.5,3,2.75,2.25,3.25,3.75,3.5,4.5,2.75,3.75,4.5,4,4.25,4.25,2.66666666666667,3.5,3.66666666666667,4.25
"203","208",4,4,2,1,2,2,2,1,4,4,4,2,4,4,1,4,5,4,5,4,4,2,4,2,4,4,2,2,3,4,2,2,2,2,3,4,4,4,4,5,4,4,4,4,4,2,2,4,4,4,4,4,4,4,4,4,2,2,2,2,2.75,1.75,3.5,3.25,4.5,3,3,2.75,2.75,4.25,4,3,4,4,2,2.66666666666667,3.58333333333333,2.83333333333333,3.75,3.33333333333333
"204","209",2,4,2,2,2,1,2,1,2,2,4,2,4,5,2,5,5,5,5,5,5,5,4,5,2,2,2,4,2,4,2,2,4,5,2,5,1,2,2,4,2,1,2,4,2,2,2,1,4,2,4,3,4,4,3,2,2,4,2,4,2.5,1.5,2.5,4,5,4.75,2.5,2.5,4,2.25,2.25,1.75,3.25,3.25,3,2.16666666666667,4.58333333333333,3,2.08333333333333,3.16666666666667
"205","210",5,5,4,2,1,1,4,1,5,5,5,2,2,2,5,2,5,5,5,2,2,3,1,3,1,1,1,1,2,1,2,1,2,2,1,1,5,5,5,5,4,4,2,5,5,5,5,4,5,5,4,5,2,3,2,2,2,2,2,5,4,1.75,4.25,2.75,4.25,2.25,1,1.5,1.5,5,3.75,4.75,4.75,2.25,2.75,3.33333333333333,3.08333333333333,1.33333333333333,4.5,3.25
"206","211",1,2,2,1,3,3,4,3,2,3,2,4,3,1,1,1,5,4,3,3,1,1,1,2,5,4,4,4,4,5,3,2,4,4,3,5,4,2,1,1,1,1,1,1,1,1,1,1,4,5,5,5,5,5,5,4,5,5,4,5,1.5,3.25,2.75,1.5,3.75,1.25,4.25,3.5,4,2,1,1,4.75,4.75,4.75,2.5,2.16666666666667,3.91666666666667,1.33333333333333,4.75
"207","212",4,2,2,2,2,1,3,2,3,3,4,4,5,4,4,2,5,5,3,3,3,2,2,3,5,5,3,5,4,4,2,3,4,5,2,3,4,5,4,5,4,4,3,4,4,4,4,3,4,5,4,4,2,4,2,1,3,4,2,4,2.5,2,3.5,3.75,4,2.5,4.5,3.25,3.5,4.5,3.75,3.75,4.25,2.25,3.25,2.66666666666667,3.41666666666667,3.75,4,3.25
"208","213",4,4,1,1,1,2,1,1,3,3,4,4,5,4,4,2,5,5,5,3,4,2,4,2,3,2,4,5,3,5,1,2,2,2,1,2,4,4,3,5,2,4,4,2,5,3,4,2,4,4,2,2,5,2,1,2,2,2,1,5,2.5,1.25,3.5,3.75,4.5,3,3.5,2.75,1.75,4,3,3.5,3,2.5,2.5,2.41666666666667,3.75,2.66666666666667,3.5,2.66666666666667
"209","214",4,4,2,2,2,2,3,2,4,4,5,5,5,5,1,2,5,5,5,4,5,5,5,5,3,3,2,4,2,5,3,2,5,5,4,4,4,5,3,4,2,2,2,2,4,3,3,2,5,5,5,5,5,5,5,5,5,5,5,5,3,2.25,4.5,3.25,4.75,5,3,3,4.5,4,2,3,5,5,5,3.25,4.33333333333333,3.5,3,5
"210","215",4,2,2,2,4,4,4,4,3,2,4,5,5,5,5,5,5,5,5,4,4,2,4,5,4,5,5,5,4,4,4,4,5,4,4,2,4,4,2,3,4,2,1,2,4,5,2,2,5,5,4,4,2,4,4,3,4,4,4,4,2.5,4,3.5,5,4.75,3.75,4.75,4,3.75,3.25,2.25,3.25,4.5,3.25,4,3.33333333333333,4.5,4.16666666666667,2.91666666666667,3.91666666666667
"211","216",4,4,4,3,2,2,2,2,5,4,4,3,4,4,5,5,5,5,5,5,4,3,3,3,4,2,3,3,4,3,2,2,4,4,4,4,2,4,4,4,3,3,2,3,2,2,2,2,5,4,4,4,5,5,5,4,4,4,4,5,3.75,2,4,4.5,5,3.25,3,2.75,4,3.5,2.75,2,4.25,4.75,4.25,3.25,4.25,3.25,2.75,4.41666666666667
"212","217",4,4,4,3,4,4,3,4,3,4,4,4,3,3,4,3,4,4,4,4,3,4,4,3,3,3,2,3,2,2,2,2,3,3,2,2,3,3,3,3,2,2,2,3,2,2,2,2,5,4,4,5,5,5,5,4,3,3,4,4,3.75,3.75,3.75,3.25,4,3.5,2.75,2,2.5,3,2.25,2,4.5,4.75,3.5,3.75,3.58333333333333,2.41666666666667,2.41666666666667,4.25
"213","218",2,4,2,1,3,2,2,2,2,2,2,2,4,4,4,2,5,5,4,4,4,2,3,2,4,4,4,4,2,2,4,2,2,2,2,4,4,4,4,4,4,4,4,4,4,3,4,2,2,4,4,4,4,4,4,4,4,2,2,4,2.25,2.25,2,3.5,4.5,2.75,4,2.5,2.5,4,4,3.25,3.5,4,3,2.16666666666667,3.58333333333333,3,3.75,3.5
"214","219",5,5,5,5,4,4,5,5,4,5,5,5,5,5,5,5,5,5,5,5,4,4,4,5,4,5,5,5,5,5,5,5,4,5,5,5,3,3,2,3,1,1,2,2,1,3,3,3,4,5,5,4,5,4,5,5,4,5,5,5,5,4.5,4.75,5,5,4.25,4.75,5,4.75,2.75,1.5,2.5,4.5,4.75,4.75,4.75,4.75,4.83333333333333,2.25,4.66666666666667
"215","220",3,4,2,2,2,2,4,4,4,4,4,5,4,4,2,4,4,4,4,2,4,4,3,3,2,4,2,5,3,4,3,2,4,4,2,4,4,4,4,4,3,2,4,2,2,2,2,2,4,4,4,4,3,3,3,2,4,3,3,4,2.75,3,4.25,3.5,3.5,3.5,3.25,3,3.5,4,2.75,2,4,2.75,3.5,3.33333333333333,3.5,3.25,2.91666666666667,3.41666666666667
"216","221",4,4,2,2,3,3,3,2,4,5,5,4,5,5,5,5,5,5,5,5,5,5,4,4,5,5,5,5,5,5,5,4,5,5,5,4,4,3,2,3,1,1,2,2,2,2,2,2,5,4,4,4,5,4,5,4,4,4,4,4,3,2.75,4.5,5,5,4.5,5,4.75,4.75,3,1.5,2,4.25,4.5,4,3.41666666666667,4.83333333333333,4.83333333333333,2.16666666666667,4.25
"217","222",2,3,3,1,2,3,4,2,3,2,2,1,5,4,5,4,4,4,2,4,5,3,4,4,5,2,2,2,2,3,1,1,2,2,2,2,5,5,4,5,4,4,3,4,5,2,4,3,5,5,5,5,5,5,5,5,4,4,4,5,2.25,2.75,2,4.5,3.5,4,2.75,1.75,2,4.75,3.75,3.5,5,5,4.25,2.33333333333333,4,2.16666666666667,4,4.75
"218","223",5,5,2,5,1,3,5,3,4,5,5,5,5,5,4,5,5,5,4,5,5,3,5,3,4,5,4,4,4,5,3,4,5,5,4,4,2,3,1,3,1,2,1,1,2,3,1,2,5,4,5,3,4,5,3,3,5,4,5,5,4.25,3,4.75,4.75,4.75,4,4.25,4,4.5,2.25,1.25,2,4.25,3.75,4.75,4,4.5,4.25,1.83333333333333,4.25
"219","224",4,3,2,2,3,4,2,2,3,4,3,2,5,4,4,4,5,5,3,3,2,3,4,2,4,4,3,3,4,4,3,2,5,5,2,4,4,4,3,4,3,1,2,2,2,3,2,2,4,4,4,4,4,4,3,4,4,4,4,4,2.75,2.75,3,4.25,4,2.75,3.5,3.25,4,3.75,2,2.25,4,3.75,4,2.83333333333333,3.66666666666667,3.58333333333333,2.66666666666667,3.91666666666667
"220","225",5,5,4,2,4,4,4,4,4,5,5,3,5,4,2,5,5,5,4,5,4,5,5,5,5,5,5,5,5,4,4,5,5,5,5,5,1,2,2,5,2,2,2,1,3,3,3,2,5,4,5,2,5,5,5,5,4,4,5,5,4,4,4.25,4,4.75,4.75,5,4.5,5,2.5,1.75,2.75,4,5,4.5,4.08333333333333,4.5,4.83333333333333,2.33333333333333,4.5
"221","226",4,4,2,2,4,3,2,2,2,3,5,2,3,2,3,2,4,4,2,2,4,2,2,2,1,2,2,3,3,2,1,1,3,3,1,1,3,5,2,4,3,2,2,3,5,5,4,4,4,4,5,5,5,5,5,2,2,4,4,3,3,2.75,3,2.5,3,2.5,2,1.75,2,3.5,2.5,4.5,4.5,4.25,3.25,2.91666666666667,2.66666666666667,1.91666666666667,3.5,4
"222","227",5,4,4,4,4,5,4,5,5,5,5,3,2,4,3,2,5,5,3,2,5,5,5,4,5,2,4,2,5,5,4,5,5,5,5,2,5,5,5,5,2,2,1,1,2,2,2,1,5,4,5,5,4,4,3,4,5,5,4,4,4.25,4.5,4.5,2.75,3.75,4.75,3.25,4.75,4.25,5,1.5,1.75,4.75,3.75,4.5,4.41666666666667,3.75,4.08333333333333,2.75,4.33333333333333
"223","228",5,5,4,2,3,4,3,5,4,4,5,5,4,4,3,3,5,5,3,2,4,4,4,2,4,5,1,1,4,5,4,2,4,5,2,2,3,4,4,3,1,1,2,1,2,2,2,2,5,4,3,2,1,2,5,2,5,4,4,2,4,3.75,4.5,3.5,3.75,3.5,2.75,3.75,3.25,3.5,1.25,2,3.5,2.5,3.75,4.08333333333333,3.58333333333333,3.25,2.25,3.25
"224","229",5,5,5,5,5,5,5,5,5,5,2,2,4,5,1,2,4,5,4,2,4,4,2,1,5,5,2,2,5,5,2,2,5,5,2,2,5,5,4,4,3,4,2,2,4,2,3,1,5,5,5,5,5,5,5,5,5,5,5,5,5,5,3.5,3,3.75,2.75,3.5,3.5,3.5,4.5,2.75,2.5,5,5,5,4.5,3.16666666666667,3.5,3.25,5
"225","230",2,3,2,1,1,4,3,2,1,4,3,1,5,5,5,5,5,5,5,5,4,4,4,4,2,2,3,3,2,3,2,1,3,4,3,4,3,4,3,5,5,5,2,2,3,3,4,3,3,4,3,5,5,5,5,5,5,5,5,5,2,2.5,2.25,5,5,4,2.5,2,3.5,3.75,3.5,3.25,3.75,5,5,2.25,4.66666666666667,2.66666666666667,3.5,4.58333333333333
"226","231",5,5,4,5,5,5,5,5,5,4,4,4,3,3,4,3,4,4,5,5,4,2,2,2,5,5,5,5,5,5,4,3,5,5,5,5,4,3,3,2,3,3,4,2,4,4,4,3,5,5,5,5,5,5,5,4,5,5,5,5,4.75,5,4.25,3.25,4.5,2.5,5,4.25,5,3,3,3.75,5,4.75,5,4.66666666666667,3.41666666666667,4.75,3.25,4.91666666666667
"227","232",4,4,4,2,4,4,5,4,3,3,5,5,3,4,4,4,4,4,3,4,2,2,2,3,3,2,2,3,5,5,4,3,4,4,4,5,4,4,3,4,3,3,2,2,3,2,3,2,5,5,5,4,4,4,4,5,4,3,3,5,3.5,4.25,4,3.75,3.75,2.25,2.5,4.25,4.25,3.75,2.5,2.5,4.75,4.25,3.75,3.91666666666667,3.25,3.66666666666667,2.91666666666667,4.25
"228","233",5,5,4,2,4,4,4,4,5,5,5,4,5,3,4,4,5,5,5,3,4,4,4,4,4,3,4,4,4,4,2,2,4,4,4,2,4,2,2,4,2,2,2,1,3,2,2,2,4,4,2,4,4,5,5,1,5,5,5,5,4,4,4.75,4,4.5,4,3.75,3,3.5,3,1.75,2.25,3.5,3.75,5,4.25,4.16666666666667,3.41666666666667,2.33333333333333,4.08333333333333
"229","234",4,2,1,1,1,4,2,2,2,2,4,4,5,4,5,5,5,5,5,4,4,4,4,2,4,4,4,5,4,2,4,1,5,5,4,5,4,4,2,5,1,1,1,1,4,2,2,2,4,4,2,4,5,5,5,4,4,4,5,5,2,2.25,3,4.75,4.75,3.5,4.25,2.75,4.75,3.75,1,2.5,3.5,4.75,4.5,2.41666666666667,4.33333333333333,3.91666666666667,2.41666666666667,4.25
"230","235",4,3,4,2,3,2,4,4,3,5,5,4,4,3,5,4,4,4,5,4,3,3,4,4,4,4,5,5,4,4,5,2,4,3,3,4,3,3,2,1,1,1,2,2,1,1,2,2,4,3,3,4,4,4,4,5,3,3,4,4,3.25,3.25,4.25,4,4.25,3.5,4.5,3.75,3.5,2.25,1.5,1.5,3.5,4.25,3.5,3.58333333333333,3.91666666666667,3.91666666666667,1.75,3.75
"231","236",4,4,4,2,1,2,3,2,4,3,4,4,5,4,4,4,5,4,4,5,4,5,4,2,5,4,2,5,3,4,3,1,4,3,4,5,3,4,4,4,1,1,2,2,3,2,3,3,5,5,5,5,5,5,5,5,5,5,5,5,3.5,2,3.75,4.25,4.5,3.75,4,2.75,4,3.75,1.5,2.75,5,5,5,3.08333333333333,4.16666666666667,3.58333333333333,2.66666666666667,5
"232","237",5,5,5,2,5,5,4,5,4,3,4,4,4,4,4,4,5,5,3,4,3,4,3,2,5,4,4,4,4,5,5,2,5,5,5,5,4,5,2,5,1,1,1,1,1,2,2,2,4,5,5,5,5,5,5,5,3,4,4,5,4.25,4.75,3.75,4,4.25,3,4.25,4,5,4,1,1.75,4.75,5,4,4.25,3.75,4.41666666666667,2.25,4.58333333333333
"233","238",4,4,2,2,4,4,4,4,4,4,4,5,5,5,4,4,5,5,2,4,3,2,4,1,5,3,2,3,4,4,3,2,3,5,4,3,5,5,5,5,4,3,5,4,5,5,5,5,5,5,4,4,5,5,1,4,5,5,4,4,3,4,4.25,4.5,4,2.5,3.25,3.25,3.75,5,4,5,4.5,3.75,4.5,3.75,3.66666666666667,3.41666666666667,4.66666666666667,4.25
"234","239",4,4,3,2,1,4,3,3,2,4,4,5,5,4,5,5,4,5,4,4,1,4,2,2,5,5,5,5,4,5,5,4,4,5,5,2,4,5,5,5,5,4,4,5,4,5,4,2,4,4,5,5,5,5,5,5,2,3,4,3,3.25,2.75,3.75,4.75,4.25,2.25,5,4.5,4,4.75,4.5,3.75,4.5,5,3,3.25,3.75,4.5,4.33333333333333,4.16666666666667
"235","240",4,3,3,2,2,2,3,2,3,4,5,4,4,4,5,4,4,4,5,4,5,4,5,4,5,5,5,5,4,4,4,2,4,4,4,3,4,4,5,5,2,3,3,2,4,3,3,3,4,4,4,4,4,5,5,4,4,4,4,4,3,2.25,4,4.25,4.25,4.5,5,3.5,3.75,4.5,2.5,3.25,4,4.5,4,3.08333333333333,4.33333333333333,4.08333333333333,3.41666666666667,4.16666666666667
"236","241",4,3,4,2,4,4,3,3,3,2,3,5,5,5,5,4,4,4,5,5,5,5,4,5,4,3,3,4,2,2,2,1,2,2,2,2,2,1,1,1,1,1,1,1,2,1,1,1,5,5,4,4,1,2,2,1,5,5,4,5,3.25,3.5,3.25,4.75,4.5,4.75,3.5,1.75,2,1.25,1,1.25,4.5,1.5,4.75,3.33333333333333,4.66666666666667,2.41666666666667,1.16666666666667,3.58333333333333
"237","242",4,4,2,2,4,5,4,4,3,3,4,2,4,4,5,5,4,4,4,4,4,4,5,4,4,3,2,2,5,4,1,2,4,4,2,3,4,4,4,4,2,2,2,2,4,4,4,3,4,4,4,4,4,4,4,2,4,4,4,4,3,4.25,3,4.5,4,4.25,2.75,3,3.25,4,2,3.75,4,3.5,4,3.41666666666667,4.25,3,3.25,3.83333333333333
"238","243",4,4,2,2,2,4,1,4,2,2,4,5,4,4,5,2,5,5,5,5,2,2,4,1,5,5,1,5,4,2,4,2,3,2,4,4,5,4,2,4,4,2,2,2,5,5,4,3,4,4,5,5,5,5,5,4,3,4,4,5,3,2.75,3.25,3.75,5,2.25,4,3,3.25,3.75,2.5,4.25,4.5,4.75,4,3,3.66666666666667,3.41666666666667,3.5,4.41666666666667
"239","244",4,4,4,2,4,4,4,3,2,4,5,2,5,1,5,5,5,5,5,5,4,2,4,2,2,4,4,5,2,2,5,1,2,2,2,2,4,4,4,4,4,4,4,1,3,2,2,2,4,5,5,5,5,5,5,5,5,5,5,5,3.5,3.75,3.25,4,5,3,3.75,2.5,2,4,3.25,2.25,4.75,5,5,3.5,4,2.75,3.16666666666667,4.91666666666667
